tsne_1,tsne_2
0.507126987,-0.885843515
1.82213843,-2.07448936
0.553688109,-0.755448937
1.76065052,-1.66382921
0.264405847,-2.3540957
0.446054846,1.46584642
0.667621315,-1.28360367
-1.27548981,-1.30463648
0.590562224,-0.489538312
0.653336287,-0.525349677
1.19603407,-3.86121655
2.3329761,-2.78692889
1.89277875,-1.52735126
1.55444562,-1.22660494
0.842029691,-1.52180493
-1.48360896,-1.55840719
0.782971025,-0.270671576
1.66821945,-2.86200452
2.90189409,-1.81138182
1.98651469,-1.39568734
-0.409308672,-0.112183064
0.317885667,-1.2448591
-0.438007057,-3.29457498
0.891870081,-0.0557130836
-1.07611275,1.18060708
0.814961135,-3.02775073
3.2328105,0.753881752
3.14873171,0.69031769
3.35564804,-3.3151114
0.564947963,-1.51961136
3.60728335,-3.56027412
3.31341839,1.02478671
3.46556258,0.884415507
-0.631054342,0.192023665
-1.15478301,-2.28240991
-0.011540032,-1.40412188
3.93809271,-1.47838628
1.384835,-4.21393394
3.86308146,0.526533008
3.8070364,-1.60032523
2.9981513,-0.974636853
0.457070082,1.40129435
-0.423858106,-1.39402103
-0.0997529626,-1.29283428
0.763653457,-1.7773608
-1.15779591,-2.3023138
3.92133999,1.59003639
3.86267018,0.919272423
3.93404174,-3.88089776
-1.91284454,-0.354810566
4.25674486,0.543756008
4.46059752,1.28264678
3.65051293,-3.59730458
3.02394915,-0.299958676
3.22434306,2.03175449
4.59428263,0.556539237
6.15616655,-0.0218127035
3.21127295,-0.335511714
6.24534369,0.0113311317
5.24397421,-1.25775278
6.25686073,0.442496598
3.72895598,-0.677605331
7.16448498,-0.771562278
5.3994112,-1.33650506
7.19668674,-0.70894593
7.21087933,-0.696924746
7.2462306,-0.678131044
