temperature,pressure,amine_ratio,time,stir_rate,batch,yield
110.008,22.55,2.103,11.714,881.185,3.0,62.26
131.777,50.302,0.961,15.269,804.421,3.0,2.97
122.055,43.824,2.399,19.835,469.348,4.0,21.55
78.017,45.854,2.394,16.596,261.998,4.0,0.3
84.013,41.481,2.303,15.762,305.778,2.0,2.81
129.884,58.578,1.612,10.341,347.418,3.0,4.82
60.421,26.634,1.445,13.841,443.134,3.0,0.0
125.698,29.914,1.549,10.11,558.013,1.0,13.47
123.766,20.146,0.583,18.119,942.397,3.0,9.42
97.435,12.535,2.611,9.75,422.734,1.0,38.13
84.243,20.645,1.856,11.732,918.869,1.0,0.0
82.274,55.773,1.469,18.376,744.37,2.0,1.05
80.39,52.008,1.87,12.584,882.794,5.0,0.92
95.606,15.62,2.304,8.775,522.603,1.0,28.5
100.364,40.189,1.454,20.017,202.621,5.0,37.32
104.28,33.96,2.577,9.762,829.574,2.0,65.59
139.64,39.734,2.799,20.429,396.381,5.0,1.52
123.413,42.964,1.469,19.061,313.984,1.0,13.23
109.774,25.333,0.845,11.288,839.593,4.0,37.91
139.117,58.068,2.401,17.396,749.063,3.0,2.4
77.225,33.292,2.982,1.791,369.932,2.0,5.72
72.817,41.405,0.87,9.965,414.065,2.0,0.0
109.003,41.761,2.282,20.788,951.376,3.0,64.93
63.515,19.194,2.563,14.329,414.83,3.0,0.0
62.854,13.093,2.801,13.83,761.925,4.0,1.57
101.191,30.576,0.808,16.289,303.643,2.0,27.49
97.296,48.202,0.73,16.586,852.029,2.0,19.08
133.373,50.761,2.97,14.423,294.072,1.0,2.72
110.338,46.499,0.792,10.674,612.833,2.0,34.59
101.129,15.66,0.942,5.22,228.174,2.0,29.75
99.75,55.668,1.937,7.731,640.063,5.0,40.86
79.801,50.102,1.616,7.737,877.297,4.0,0.0
60.944,53.885,2.376,10.907,267.519,4.0,0.0
75.392,36.165,0.976,23.978,419.405,2.0,0.0
115.363,55.782,2.786,9.109,811.754,2.0,57.52
76.049,12.333,1.043,11.29,686.479,3.0,0.0
89.563,11.514,2.423,9.547,450.238,3.0,8.19
60.299,11.011,0.669,14.373,703.123,4.0,0.0
126.404,22.638,1.684,22.802,563.768,5.0,10.97
72.357,22.428,0.581,21.449,889.885,3.0,1.16
81.408,19.375,1.285,9.674,434.352,2.0,1.03
130.427,38.353,1.281,7.139,806.184,5.0,1.65
100.783,11.949,2.299,21.341,708.539,3.0,52.0
127.772,39.519,1.638,12.358,792.343,5.0,5.87
111.177,18.301,0.642,16.767,502.609,2.0,30.61
119.342,43.894,2.988,2.686,779.937,2.0,39.22
67.32,11.054,2.722,20.931,758.741,1.0,2.91
103.292,25.529,2.791,8.198,509.991,4.0,68.14
100.622,56.917,1.116,12.374,221.162,3.0,35.33
129.707,36.92,1.485,5.554,970.331,2.0,3.42
88.901,50.579,1.068,10.666,770.88,3.0,8.29
107.855,42.901,0.812,20.045,363.791,1.0,36.79
64.74,40.538,0.583,20.034,784.646,5.0,0.0
91.011,19.563,1.758,11.894,422.947,3.0,17.46
85.843,38.72,0.808,18.662,575.428,2.0,4.47
72.016,11.984,0.941,11.536,887.911,4.0,0.0
125.307,50.083,2.651,9.587,558.458,4.0,15.23
90.356,58.004,1.711,13.555,430.405,5.0,11.57
138.3,52.7,0.959,5.631,444.393,4.0,2.76
107.199,12.535,2.175,8.281,261.614,1.0,62.96
108.405,26.933,1.165,17.25,375.604,3.0,41.24
111.04,25.9,1.817,18.722,416.885,4.0,54.04
114.116,15.636,1.207,2.304,338.375,5.0,37.54
72.063,41.331,1.79,17.855,250.453,3.0,0.29
95.225,49.873,2.071,19.801,572.631,5.0,29.21
79.165,25.686,1.841,11.239,371.517,1.0,1.39
92.2,53.14,1.489,2.436,791.016,2.0,15.52
67.736,49.856,2.477,16.707,938.022,5.0,0.0
137.426,16.457,2.684,6.662,418.388,1.0,2.55
77.2,48.343,0.948,15.797,657.799,4.0,4.48
113.741,54.131,0.841,9.662,605.381,2.0,34.01
84.034,19.864,0.783,15.655,260.087,1.0,2.39
129.926,38.682,2.949,6.937,299.9,1.0,6.77
112.977,41.937,2.854,11.96,907.824,5.0,71.43
70.529,40.467,1.077,13.068,579.322,5.0,0.0
127.606,14.812,2.925,15.513,843.688,1.0,10.39
135.596,43.06,1.02,5.673,253.265,4.0,1.72
132.313,41.598,1.766,23.127,675.851,1.0,4.08
105.578,51.194,1.743,7.65,892.25,5.0,53.32
71.637,50.176,2.787,8.038,893.653,2.0,0.69
75.397,26.358,0.601,6.895,204.578,1.0,0.0
134.232,46.102,1.288,2.552,617.376,5.0,1.55
104.186,53.364,2.0,10.727,495.204,5.0,56.1
74.444,54.647,0.666,18.752,808.034,1.0,0.0
130.725,18.076,1.091,17.32,258.575,2.0,2.9
111.326,11.335,1.663,5.498,411.941,5.0,53.04
105.576,42.54,2.702,4.149,850.114,2.0,70.11
90.103,20.734,2.402,8.393,575.645,4.0,12.44
92.876,38.185,2.572,18.67,562.52,5.0,23.14
79.159,57.24,2.403,12.226,974.847,1.0,0.0
63.045,28.966,2.269,22.233,455.913,3.0,0.37
130.098,22.639,2.624,16.097,233.378,3.0,3.6
97.418,32.826,2.204,15.281,513.761,5.0,38.39
103.811,42.862,2.339,18.657,322.699,3.0,66.06
85.773,15.055,1.254,18.256,265.513,5.0,7.59
120.106,29.029,0.919,8.908,654.288,3.0,18.23
62.016,16.686,2.391,6.911,962.86,3.0,1.48
89.775,43.122,0.915,11.065,663.526,4.0,7.33
62.428,51.528,2.799,12.253,717.692,5.0,0.21
69.831,28.843,1.992,4.26,458.903,4.0,3.13
137.372,28.586,1.324,11.151,656.898,4.0,0.0
112.621,36.976,2.842,15.716,801.796,5.0,70.97
94.258,20.753,0.888,4.121,671.428,4.0,14.65
101.899,22.37,1.786,4.175,842.223,1.0,49.52
129.825,26.493,0.729,4.996,640.377,5.0,3.42
87.537,32.871,2.914,7.517,358.515,5.0,7.5
107.223,14.077,1.938,23.119,666.181,2.0,59.99
114.695,47.637,2.509,1.593,592.749,3.0,57.35
88.433,38.953,1.205,5.226,332.748,4.0,6.27
101.528,24.985,2.504,4.796,695.333,4.0,57.65
121.22,13.877,2.257,11.91,853.568,4.0,25.41
132.734,48.159,2.109,1.347,308.07,5.0,0.0
72.085,16.554,2.876,11.538,635.957,1.0,1.89
134.674,16.66,1.584,4.747,786.95,5.0,2.7
60.414,16.534,1.538,7.202,522.414,3.0,0.3
120.238,14.063,2.23,19.226,416.037,2.0,30.03
124.842,55.32,2.588,5.234,497.824,2.0,18.52
70.941,23.462,1.338,15.194,633.359,3.0,0.0
93.512,25.321,2.174,10.345,749.328,2.0,20.08
125.221,51.64,1.023,10.605,647.34,5.0,8.59
61.142,40.996,1.879,19.787,285.62,3.0,2.38
110.277,19.357,2.423,4.701,854.309,5.0,64.31
123.442,31.741,0.663,22.248,939.088,4.0,12.53
101.04,54.196,2.32,21.55,281.034,2.0,50.73
118.068,28.769,0.539,16.371,399.616,3.0,17.11
78.114,45.544,2.896,2.137,338.945,5.0,3.26
75.882,14.84,1.672,16.256,879.324,4.0,0.06
89.05,46.366,1.523,14.808,928.223,3.0,5.36
74.352,48.824,2.301,18.761,235.419,4.0,0.0
87.685,51.288,1.808,5.918,465.936,2.0,8.52
135.85,43.71,2.327,22.927,353.996,2.0,3.56
105.867,28.537,0.712,21.383,575.626,4.0,34.37
87.205,13.211,1.907,3.63,937.272,1.0,7.02
81.722,35.939,1.895,8.25,256.139,3.0,3.04
136.163,47.873,2.83,1.746,337.023,3.0,0.0
95.558,19.542,0.599,20.112,589.623,3.0,15.85
138.432,23.312,1.632,22.047,619.228,2.0,0.37
101.242,36.806,2.078,23.766,796.401,2.0,48.03
101.693,47.417,1.877,15.074,550.149,1.0,46.52
131.723,54.829,0.685,16.318,312.909,3.0,2.03
119.421,16.287,1.983,16.603,482.889,4.0,30.72
106.452,19.214,1.055,14.113,985.674,1.0,41.01
94.132,49.977,0.989,22.906,800.578,1.0,14.35
130.255,42.226,2.697,14.981,293.075,1.0,7.85
92.932,46.049,0.995,8.722,846.567,5.0,13.15
133.821,59.839,1.636,12.796,448.741,4.0,3.44
65.497,56.959,2.376,1.429,825.117,1.0,2.41
94.4,52.151,2.268,17.655,210.177,3.0,26.34
101.561,48.856,1.884,16.96,897.016,3.0,51.73
136.075,29.751,2.518,10.684,329.848,4.0,0.0
