Mol Wt,total angles,total dihedrals,total angle types,total bond types,total dihedral types,F,H2-C1-H2,H1,C1-C1-H1,H2-C1-C1-H1,H2-C1-O3-H5,H2-C1-S-C1,H1-C1-C1-O2,F-C1-C1-H8,C1-O1-C2-O2,H1-C1-C2-O2,H3-C2-C2-H3,H1-C1-C1-H1,H1-C1-C2-C2,C1-O1-C2-O3,C1-H4-C2-O1,H2-C1-O2-C2,N1-C2-C1-C1,H3-C2-C1-H1,H1-C1-C1-N1,H4-C2-C1-N1,H1-Si-C1-H1,H1-C1-C1-C2,C1-N1-C2-O1,H1-C1-C1-C1,H1-C1-C1-F,C1-C1-N1-C2,O1-C2-O2-C1,O1-S-C2-C2,H2-C1-C2-O1,H1-C1-C2-O1,C1-C2-C2-C1,H2-C1-C2-O3,H2-C1-C1-H2,H3-C2-C2-C1,C1-C1-C1-C1,H2-C1-C1-C1,H5-O3-C1-C1,H2-C1-C1-H8,F-C1-C1-F,C2-O2-C2-C2,H2-C1-C1-F,Si-C1-C1-H1,H1-C1-C2-N1,Cp (J/mol-K)
0.10000000000000001,0.13960396039603962,0.12637362637362637,0.10000000000000001,0.10000000000000001,0.10000000000000001,0.10000000000000001,0.10000000000000001,0.27142857142857146,0.19230769230769232,0.10000000000000001,0.10000000000000001,0.10000000000000001,0.10000000000000001,0.10000000000000001,0.10000000000000001,0.10000000000000001,0.10000000000000001,0.25,0.10000000000000001,0.10000000000000001,0.10000000000000001,0.10000000000000001,0.10000000000000001,0.10000000000000001,0.10000000000000001,0.10000000000000001,0.10000000000000001,0.10000000000000001,0.10000000000000001,0.10000000000000001,0.10000000000000001,0.10000000000000001,0.10000000000000001,0.10000000000000001,0.10000000000000001,0.10000000000000001,0.10000000000000001,0.10000000000000001,0.10000000000000001,0.10000000000000001,0.10000000000000001,0.10000000000000001,0.10000000000000001,0.10000000000000001,0.10000000000000001,0.10000000000000001,0.10000000000000001,0.10000000000000001,0.10000000000000001,0.10000000000000001
0.14317760161916007,0.10000000000000001,0.10000000000000001,0.14210526315789473,0.17999999999999999,0.10000000000000001,0.10000000000000001,0.5,0.10000000000000001,0.10000000000000001,0.10000000000000001,0.90000000000000002,0.10000000000000001,0.10000000000000001,0.10000000000000001,0.10000000000000001,0.10000000000000001,0.10000000000000001,0.10000000000000001,0.10000000000000001,0.10000000000000001,0.10000000000000001,0.10000000000000001,0.10000000000000001,0.10000000000000001,0.10000000000000001,0.10000000000000001,0.10000000000000001,0.10000000000000001,0.10000000000000001,0.10000000000000001,0.10000000000000001,0.10000000000000001,0.10000000000000001,0.10000000000000001,0.10000000000000001,0.10000000000000001,0.10000000000000001,0.10000000000000001,0.10000000000000001,0.10000000000000001,0.10000000000000001,0.10000000000000001,0.10000000000000001,0.10000000000000001,0.10000000000000001,0.10000000000000001,0.10000000000000001,0.10000000000000001,0.10000000000000001,0.128281887997969
0.17569573283858997,0.18712871287128716,0.16593406593406596,0.14210526315789473,0.10000000000000001,0.16666666666666669,0.10000000000000001,0.10000000000000001,0.32857142857142863,0.25384615384615383,0.10000000000000001,0.10000000000000001,0.10000000000000001,0.10000000000000001,0.10000000000000001,0.10000000000000001,0.10000000000000001,0.10000000000000001,0.30000000000000004,0.10000000000000001,0.10000000000000001,0.10000000000000001,0.10000000000000001,0.10000000000000001,0.10000000000000001,0.10000000000000001,0.10000000000000001,0.10000000000000001,0.10000000000000001,0.10000000000000001,0.20909090909090911,0.10000000000000001,0.10000000000000001,0.10000000000000001,0.10000000000000001,0.10000000000000001,0.10000000000000001,0.10000000000000001,0.10000000000000001,0.10000000000000001,0.10000000000000001,0.10000000000000001,0.10000000000000001,0.10000000000000001,0.10000000000000001,0.10000000000000001,0.10000000000000001,0.10000000000000001,0.10000000000000001,0.10000000000000001,0.17858336683098144
0.18101197503794905,0.14752475247524754,0.15714285714285714,0.31052631578947365,0.34000000000000002,0.29999999999999999,0.10000000000000001,0.23333333333333334,0.18571428571428572,0.14615384615384616,0.33999999999999997,0.6333333333333333,0.10000000000000001,0.10000000000000001,0.10000000000000001,0.10000000000000001,0.10000000000000001,0.10000000000000001,0.10000000000000001,0.10000000000000001,0.10000000000000001,0.10000000000000001,0.10000000000000001,0.10000000000000001,0.10000000000000001,0.10000000000000001,0.10000000000000001,0.10000000000000001,0.10000000000000001,0.10000000000000001,0.10000000000000001,0.10000000000000001,0.10000000000000001,0.10000000000000001,0.10000000000000001,0.10000000000000001,0.10000000000000001,0.10000000000000001,0.10000000000000001,0.10000000000000001,0.10000000000000001,0.10000000000000001,0.10000000000000001,0.13200000000000001,0.10000000000000001,0.10000000000000001,0.10000000000000001,0.10000000000000001,0.10000000000000001,0.10000000000000001,0.16757357141345972
0.18638218923933209,0.13960396039603962,0.13956043956043956,0.26842105263157895,0.26000000000000001,0.16666666666666669,0.30000000000000004,0.23333333333333334,0.18571428571428572,0.14615384615384616,0.33999999999999997,0.10000000000000001,0.10000000000000001,0.10000000000000001,0.10000000000000001,0.10000000000000001,0.10000000000000001,0.10000000000000001,0.10000000000000001,0.10000000000000001,0.10000000000000001,0.10000000000000001,0.10000000000000001,0.10000000000000001,0.10000000000000001,0.10000000000000001,0.10000000000000001,0.10000000000000001,0.10000000000000001,0.10000000000000001,0.10000000000000001,0.90000000000000002,0.10000000000000001,0.10000000000000001,0.10000000000000001,0.10000000000000001,0.10000000000000001,0.10000000000000001,0.10000000000000001,0.10000000000000001,0.10000000000000001,0.10000000000000001,0.10000000000000001,0.10000000000000001,0.10000000000000001,0.10000000000000001,0.10000000000000001,0.10000000000000001,0.10000000000000001,0.10000000000000001,0.16448473565066538
0.19709563164108618,0.13960396039603962,0.14395604395604397,0.18421052631578949,0.17999999999999999,0.16666666666666669,0.90000000000000002,0.10000000000000001,0.10000000000000001,0.10000000000000001,0.10000000000000001,0.10000000000000001,0.10000000000000001,0.10000000000000001,0.67142857142857149,0.10000000000000001,0.10000000000000001,0.10000000000000001,0.10000000000000001,0.10000000000000001,0.10000000000000001,0.10000000000000001,0.10000000000000001,0.10000000000000001,0.10000000000000001,0.10000000000000001,0.10000000000000001,0.10000000000000001,0.10000000000000001,0.10000000000000001,0.10000000000000001,0.10000000000000001,0.10000000000000001,0.10000000000000001,0.10000000000000001,0.10000000000000001,0.10000000000000001,0.10000000000000001,0.10000000000000001,0.10000000000000001,0.10000000000000001,0.10000000000000001,0.10000000000000001,0.10000000000000001,0.10000000000000001,0.90000000000000002,0.10000000000000001,0.10000000000000001,0.10000000000000001,0.10000000000000001,0.13940169674402864
0.20532636194973858,0.14752475247524754,0.13956043956043956,0.22631578947368419,0.26000000000000001,0.23333333333333334,0.10000000000000001,0.10000000000000001,0.24285714285714288,0.17692307692307693,0.10000000000000001,0.10000000000000001,0.10000000000000001,0.10000000000000001,0.10000000000000001,0.10000000000000001,0.10000000000000001,0.10000000000000001,0.20000000000000001,0.10000000000000001,0.10000000000000001,0.10000000000000001,0.10000000000000001,0.10000000000000001,0.10000000000000001,0.10000000000000001,0.10000000000000001,0.10000000000000001,0.10000000000000001,0.10000000000000001,0.10000000000000001,0.10000000000000001,0.10000000000000001,0.10000000000000001,0.10000000000000001,0.10000000000000001,0.10000000000000001,0.10000000000000001,0.10000000000000001,0.10000000000000001,0.10000000000000001,0.10000000000000001,0.10000000000000001,0.10000000000000001,0.10000000000000001,0.10000000000000001,0.10000000000000001,0.10000000000000001,0.10000000000000001,0.10000000000000001,0.17958194935155605
0.20810592005397202,0.18712871287128716,0.19670329670329673,0.22631578947368419,0.26000000000000001,0.36666666666666664,0.10000000000000001,0.10000000000000001,0.27142857142857146,0.10000000000000001,0.10000000000000001,0.10000000000000001,0.10000000000000001,0.10000000000000001,0.10000000000000001,0.10000000000000001,0.10000000000000001,0.13333333333333333,0.10000000000000001,0.6333333333333333,0.10000000000000001,0.10000000000000001,0.10000000000000001,0.10000000000000001,0.90000000000000002,0.10000000000000001,0.10000000000000001,0.10000000000000001,0.10000000000000001,0.10000000000000001,0.10000000000000001,0.10000000000000001,0.10000000000000001,0.10000000000000001,0.10000000000000001,0.10000000000000001,0.10000000000000001,0.5,0.10000000000000001,0.10000000000000001,0.10000000000000001,0.10000000000000001,0.10000000000000001,0.10000000000000001,0.10000000000000001,0.10000000000000001,0.10000000000000001,0.10000000000000001,0.10000000000000001,0.10000000000000001,0.24249264814775637
0.21355709225839095,0.23465346534653467,0.20549450549450549,0.14210526315789473,0.10000000000000001,0.16666666666666669,0.10000000000000001,0.10000000000000001,0.38571428571428579,0.2846153846153846,0.10000000000000001,0.10000000000000001,0.10000000000000001,0.10000000000000001,0.10000000000000001,0.10000000000000001,0.10000000000000001,0.10000000000000001,0.25,0.10000000000000001,0.10000000000000001,0.10000000000000001,0.10000000000000001,0.10000000000000001,0.10000000000000001,0.10000000000000001,0.10000000000000001,0.10000000000000001,0.10000000000000001,0.10000000000000001,0.42727272727272736,0.10000000000000001,0.10000000000000001,0.10000000000000001,0.10000000000000001,0.10000000000000001,0.10000000000000001,0.10000000000000001,0.10000000000000001,0.10000000000000001,0.10000000000000001,0.10000000000000001,0.10000000000000001,0.10000000000000001,0.10000000000000001,0.10000000000000001,0.10000000000000001,0.10000000000000001,0.10000000000000001,0.10000000000000001,0.24941502528190918
0.21355709225839095,0.23465346534653467,0.2142857142857143,0.14210526315789473,0.10000000000000001,0.23333333333333334,0.10000000000000001,0.10000000000000001,0.38571428571428579,0.31538461538461537,0.10000000000000001,0.10000000000000001,0.10000000000000001,0.10000000000000001,0.10000000000000001,0.10000000000000001,0.10000000000000001,0.10000000000000001,0.3666666666666667,0.10000000000000001,0.10000000000000001,0.10000000000000001,0.10000000000000001,0.10000000000000001,0.10000000000000001,0.10000000000000001,0.10000000000000001,0.10000000000000001,0.10000000000000001,0.10000000000000001,0.28181818181818186,0.10000000000000001,0.10000000000000001,0.10000000000000001,0.10000000000000001,0.10000000000000001,0.10000000000000001,0.10000000000000001,0.10000000000000001,0.10000000000000001,0.10000000000000001,0.17999999999999999,0.10000000000000001,0.10000000000000001,0.10000000000000001,0.10000000000000001,0.10000000000000001,0.10000000000000001,0.10000000000000001,0.10000000000000001,0.26114413861679397
0.21609377635351659,0.14752475247524754,0.16593406593406596,0.43684210526315786,0.5,0.36666666666666664,0.10000000000000001,0.23333333333333334,0.10000000000000001,0.10000000000000001,0.10000000000000001,0.10000000000000001,0.10000000000000001,0.10000000000000001,0.10000000000000001,0.10000000000000001,0.10000000000000001,0.10000000000000001,0.10000000000000001,0.10000000000000001,0.90000000000000002,0.10000000000000001,0.10000000000000001,0.10000000000000001,0.10000000000000001,0.10000000000000001,0.10000000000000001,0.10000000000000001,0.10000000000000001,0.10000000000000001,0.10000000000000001,0.10000000000000001,0.10000000000000001,0.10000000000000001,0.10000000000000001,0.90000000000000002,0.10000000000000001,0.10000000000000001,0.42000000000000004,0.10000000000000001,0.10000000000000001,0.10000000000000001,0.10000000000000001,0.10000000000000001,0.10000000000000001,0.10000000000000001,0.10000000000000001,0.10000000000000001,0.10000000000000001,0.10000000000000001,0.17606152283834386
0.21876539045370214,0.12376237623762376,0.13956043956043956,0.35263157894736841,0.41999999999999998,0.29999999999999999,0.10000000000000001,0.23333333333333334,0.10000000000000001,0.10000000000000001,0.10000000000000001,0.90000000000000002,0.10000000000000001,0.10000000000000001,0.10000000000000001,0.10000000000000001,0.10000000000000001,0.10000000000000001,0.10000000000000001,0.10000000000000001,0.10000000000000001,0.5,0.10000000000000001,0.10000000000000001,0.10000000000000001,0.10000000000000001,0.10000000000000001,0.10000000000000001,0.10000000000000001,0.10000000000000001,0.10000000000000001,0.10000000000000001,0.10000000000000001,0.10000000000000001,0.10000000000000001,0.90000000000000002,0.10000000000000001,0.10000000000000001,0.10000000000000001,0.10000000000000001,0.10000000000000001,0.10000000000000001,0.10000000000000001,0.10000000000000001,0.10000000000000001,0.10000000000000001,0.10000000000000001,0.10000000000000001,0.10000000000000001,0.10000000000000001,0.17381048088518419
0.21887333445775004,0.19504950495049506,0.19230769230769232,0.35263157894736841,0.34000000000000002,0.36666666666666664,0.10000000000000001,0.23333333333333334,0.24285714285714288,0.2076923076923077,0.38,0.6333333333333333,0.10000000000000001,0.10000000000000001,0.10000000000000001,0.10000000000000001,0.10000000000000001,0.10000000000000001,0.20000000000000001,0.10000000000000001,0.10000000000000001,0.10000000000000001,0.10000000000000001,0.10000000000000001,0.10000000000000001,0.10000000000000001,0.10000000000000001,0.10000000000000001,0.10000000000000001,0.10000000000000001,0.10000000000000001,0.10000000000000001,0.10000000000000001,0.10000000000000001,0.10000000000000001,0.10000000000000001,0.10000000000000001,0.10000000000000001,0.10000000000000001,0.10000000000000001,0.10000000000000001,0.10000000000000001,0.10000000000000001,0.22800000000000001,0.10000000000000001,0.10000000000000001,0.10000000000000001,0.10000000000000001,0.10000000000000001,0.10000000000000001,0.19803033829098526
0.21887333445775004,0.19504950495049506,0.2142857142857143,0.31052631578947365,0.34000000000000002,0.29999999999999999,0.10000000000000001,0.10000000000000001,0.27142857142857146,0.19230769230769232,0.33999999999999997,0.3666666666666667,0.10000000000000001,0.10000000000000001,0.10000000000000001,0.10000000000000001,0.10000000000000001,0.10000000000000001,0.10000000000000001,0.10000000000000001,0.10000000000000001,0.10000000000000001,0.10000000000000001,0.10000000000000001,0.10000000000000001,0.10000000000000001,0.10000000000000001,0.10000000000000001,0.10000000000000001,0.10000000000000001,0.10000000000000001,0.10000000000000001,0.10000000000000001,0.10000000000000001,0.10000000000000001,0.10000000000000001,0.10000000000000001,0.10000000000000001,0.10000000000000001,0.10000000000000001,0.10000000000000001,0.10000000000000001,0.10000000000000001,0.61199999999999999,0.10000000000000001,0.10000000000000001,0.10000000000000001,0.10000000000000001,0.10000000000000001,0.10000000000000001,0.25134448981318891
0.230801146905043,0.13960396039603962,0.13956043956043956,0.26842105263157895,0.26000000000000001,0.16666666666666669,0.10000000000000001,0.23333333333333334,0.18571428571428572,0.14615384615384616,0.33999999999999997,0.10000000000000001,0.10000000000000001,0.10000000000000001,0.10000000000000001,0.10000000000000001,0.10000000000000001,0.10000000000000001,0.10000000000000001,0.10000000000000001,0.10000000000000001,0.10000000000000001,0.10000000000000001,0.10000000000000001,0.10000000000000001,0.10000000000000001,0.10000000000000001,0.10000000000000001,0.10000000000000001,0.10000000000000001,0.10000000000000001,0.10000000000000001,0.10000000000000001,0.10000000000000001,0.10000000000000001,0.10000000000000001,0.10000000000000001,0.10000000000000001,0.10000000000000001,0.10000000000000001,0.10000000000000001,0.10000000000000001,0.10000000000000001,0.10000000000000001,0.10000000000000001,0.10000000000000001,0.10000000000000001,0.10000000000000001,0.10000000000000001,0.10000000000000001,0.16353692851249285
0.24596727947377298,0.23465346534653467,0.24065934065934069,0.26842105263157895,0.26000000000000001,0.36666666666666664,0.10000000000000001,0.10000000000000001,0.35714285714285721,0.10000000000000001,0.10000000000000001,0.10000000000000001,0.10000000000000001,0.10000000000000001,0.10000000000000001,0.10000000000000001,0.10000000000000001,0.10000000000000001,0.10000000000000001,0.90000000000000002,0.10000000000000001,0.10000000000000001,0.10000000000000001,0.10000000000000001,0.10000000000000001,0.10000000000000001,0.10000000000000001,0.10000000000000001,0.10000000000000001,0.10000000000000001,0.10000000000000001,0.10000000000000001,0.10000000000000001,0.10000000000000001,0.10000000000000001,0.10000000000000001,0.10000000000000001,0.90000000000000002,0.10000000000000001,0.10000000000000001,0.23333333333333334,0.10000000000000001,0.10000000000000001,0.10000000000000001,0.10000000000000001,0.10000000000000001,0.10000000000000001,0.10000000000000001,0.10000000000000001,0.10000000000000001,0.28345145661878268
0.25141845167819193,0.28217821782178215,0.26263736263736265,0.14210526315789473,0.10000000000000001,0.23333333333333334,0.10000000000000001,0.10000000000000001,0.44285714285714284,0.37692307692307692,0.10000000000000001,0.10000000000000001,0.10000000000000001,0.10000000000000001,0.10000000000000001,0.10000000000000001,0.10000000000000001,0.10000000000000001,0.43333333333333335,0.10000000000000001,0.10000000000000001,0.10000000000000001,0.10000000000000001,0.10000000000000001,0.10000000000000001,0.10000000000000001,0.10000000000000001,0.10000000000000001,0.10000000000000001,0.10000000000000001,0.35454545454545461,0.10000000000000001,0.10000000000000001,0.10000000000000001,0.10000000000000001,0.10000000000000001,0.10000000000000001,0.10000000000000001,0.10000000000000001,0.10000000000000001,0.10000000000000001,0.26000000000000001,0.10000000000000001,0.10000000000000001,0.10000000000000001,0.10000000000000001,0.10000000000000001,0.10000000000000001,0.10000000000000001,0.10000000000000001,0.30738358685763856
0.25395513577331758,0.18712871287128716,0.18791208791208791,0.56315789473684219,0.58000000000000007,0.36666666666666664,0.10000000000000001,0.10000000000000001,0.18571428571428572,0.14615384615384616,0.10000000000000001,0.10000000000000001,0.10000000000000001,0.10000000000000001,0.10000000000000001,0.10000000000000001,0.10000000000000001,0.10000000000000001,0.10000000000000001,0.10000000000000001,0.10000000000000001,0.5,0.10000000000000001,0.10000000000000001,0.10000000000000001,0.5,0.10000000000000001,0.10000000000000001,0.10000000000000001,0.10000000000000001,0.10000000000000001,0.10000000000000001,0.10000000000000001,0.10000000000000001,0.10000000000000001,0.5,0.10000000000000001,0.10000000000000001,0.10000000000000001,0.10000000000000001,0.10000000000000001,0.10000000000000001,0.10000000000000001,0.10000000000000001,0.10000000000000001,0.10000000000000001,0.10000000000000001,0.10000000000000001,0.10000000000000001,0.10000000000000001,0.22128546343114647
0.25662674987350309,0.1712871287128713,0.19230769230769232,0.52105263157894743,0.58000000000000007,0.5,0.10000000000000001,0.23333333333333334,0.15714285714285714,0.13076923076923078,0.38,0.6333333333333333,0.10000000000000001,0.10000000000000001,0.10000000000000001,0.10000000000000001,0.10000000000000001,0.10000000000000001,0.10000000000000001,0.10000000000000001,0.10000000000000001,0.5,0.10000000000000001,0.10000000000000001,0.10000000000000001,0.10000000000000001,0.10000000000000001,0.10000000000000001,0.10000000000000001,0.10000000000000001,0.10000000000000001,0.10000000000000001,0.10000000000000001,0.10000000000000001,0.10000000000000001,0.10000000000000001,0.5,0.10000000000000001,0.10000000000000001,0.10000000000000001,0.10000000000000001,0.10000000000000001,0.10000000000000001,0.13200000000000001,0.10000000000000001,0.10000000000000001,0.10000000000000001,0.10000000000000001,0.10000000000000001,0.10000000000000001,0.29217466731546327
0.25673469387755105,0.2425742574257426,0.24065934065934069,0.35263157894736841,0.34000000000000002,0.43333333333333335,0.10000000000000001,0.23333333333333334,0.30000000000000004,0.26923076923076927,0.38,0.6333333333333333,0.10000000000000001,0.10000000000000001,0.10000000000000001,0.10000000000000001,0.10000000000000001,0.10000000000000001,0.26666666666666666,0.10000000000000001,0.10000000000000001,0.10000000000000001,0.10000000000000001,0.10000000000000001,0.10000000000000001,0.10000000000000001,0.10000000000000001,0.10000000000000001,0.10000000000000001,0.10000000000000001,0.10000000000000001,0.10000000000000001,0.10000000000000001,0.10000000000000001,0.10000000000000001,0.10000000000000001,0.10000000000000001,0.10000000000000001,0.10000000000000001,0.10000000000000001,0.10000000000000001,0.17999999999999999,0.10000000000000001,0.35599999999999998,0.10000000000000001,0.10000000000000001,0.10000000000000001,0.10000000000000001,0.10000000000000001,0.10000000000000001,0.30536949668902197
0.26223983808399393,0.19504950495049506,0.17912087912087915,0.31052631578947365,0.34000000000000002,0.10000000000000001,0.10000000000000001,0.10000000000000001,0.30000000000000004,0.10000000000000001,0.10000000000000001,0.10000000000000001,0.10000000000000001,0.10000000000000001,0.10000000000000001,0.10000000000000001,0.10000000000000001,0.10000000000000001,0.10000000000000001,0.10000000000000001,0.10000000000000001,0.10000000000000001,0.10000000000000001,0.10000000000000001,0.10000000000000001,0.10000000000000001,0.10000000000000001,0.90000000000000002,0.10000000000000001,0.10000000000000001,0.10000000000000001,0.10000000000000001,0.10000000000000001,0.10000000000000001,0.10000000000000001,0.10000000000000001,0.10000000000000001,0.10000000000000001,0.10000000000000001,0.10000000000000001,0.10000000000000001,0.10000000000000001,0.10000000000000001,0.10000000000000001,0.10000000000000001,0.10000000000000001,0.10000000000000001,0.10000000000000001,0.10000000000000001,0.10000000000000001,0.26280280110859588
0.26750210828132903,0.18712871287128716,0.21868131868131868,0.10000000000000001,0.10000000000000001,0.16666666666666669,0.10000000000000001,0.10000000000000001,0.10000000000000001,0.10000000000000001,0.10000000000000001,0.10000000000000001,0.10000000000000001,0.10000000000000001,0.10000000000000001,0.10000000000000001,0.10000000000000001,0.30000000000000004,0.10000000000000001,0.10000000000000001,0.10000000000000001,0.10000000000000001,0.10000000000000001,0.10000000000000001,0.10000000000000001,0.10000000000000001,0.10000000000000001,0.10000000000000001,0.10000000000000001,0.10000000000000001,0.10000000000000001,0.10000000000000001,0.10000000000000001,0.10000000000000001,0.10000000000000001,0.10000000000000001,0.10000000000000001,0.10000000000000001,0.10000000000000001,0.10000000000000001,0.10000000000000001,0.10000000000000001,0.10000000000000001,0.10000000000000001,0.10000000000000001,0.10000000000000001,0.10000000000000001,0.10000000000000001,0.10000000000000001,0.10000000000000001,0.20701758097615675
0.28347782088041829,0.13960396039603962,0.15274725274725276,0.31052631578947365,0.26000000000000001,0.23333333333333334,0.70000000000000007,0.23333333333333334,0.10000000000000001,0.10000000000000001,0.10000000000000001,0.10000000000000001,0.10000000000000001,0.10000000000000001,0.10000000000000001,0.10000000000000001,0.10000000000000001,0.10000000000000001,0.10000000000000001,0.10000000000000001,0.10000000000000001,0.10000000000000001,0.10000000000000001,0.10000000000000001,0.10000000000000001,0.10000000000000001,0.10000000000000001,0.10000000000000001,0.10000000000000001,0.10000000000000001,0.10000000000000001,0.10000000000000001,0.10000000000000001,0.10000000000000001,0.10000000000000001,0.10000000000000001,0.10000000000000001,0.10000000000000001,0.10000000000000001,0.10000000000000001,0.10000000000000001,0.10000000000000001,0.10000000000000001,0.10000000000000001,0.90000000000000002,0.30000000000000004,0.10000000000000001,0.90000000000000002,0.10000000000000001,0.10000000000000001,0.21270442380519181
0.28925282509698091,0.32970297029702972,0.31098901098901099,0.14210526315789473,0.10000000000000001,0.23333333333333334,0.10000000000000001,0.10000000000000001,0.5,0.40769230769230769,0.10000000000000001,0.10000000000000001,0.10000000000000001,0.10000000000000001,0.10000000000000001,0.10000000000000001,0.10000000000000001,0.10000000000000001,0.40000000000000002,0.10000000000000001,0.10000000000000001,0.10000000000000001,0.10000000000000001,0.10000000000000001,0.10000000000000001,0.10000000000000001,0.10000000000000001,0.10000000000000001,0.10000000000000001,0.10000000000000001,0.53636363636363638,0.10000000000000001,0.10000000000000001,0.10000000000000001,0.10000000000000001,0.10000000000000001,0.10000000000000001,0.10000000000000001,0.10000000000000001,0.10000000000000001,0.10000000000000001,0.34000000000000002,0.10000000000000001,0.10000000000000001,0.10000000000000001,0.10000000000000001,0.10000000000000001,0.10000000000000001,0.10000000000000001,0.10000000000000001,0.30917765036917932
0.29181649519311859,0.23465346534653467,0.24065934065934069,0.43684210526315786,0.41999999999999998,0.6333333333333333,0.10000000000000001,0.10000000000000001,0.30000000000000004,0.22307692307692309,0.10000000000000001,0.10000000000000001,0.10000000000000001,0.10000000000000001,0.10000000000000001,0.10000000000000001,0.10000000000000001,0.10000000000000001,0.20000000000000001,0.10000000000000001,0.10000000000000001,0.10000000000000001,0.10000000000000001,0.90000000000000002,0.10000000000000001,0.10000000000000001,0.10000000000000001,0.10000000000000001,0.30000000000000004,0.90000000000000002,0.20909090909090911,0.10000000000000001,0.10000000000000001,0.10000000000000001,0.10000000000000001,0.10000000000000001,0.30000000000000004,0.10000000000000001,0.10000000000000001,0.10000000000000001,0.10000000000000001,0.10000000000000001,0.10000000000000001,0.10000000000000001,0.10000000000000001,0.10000000000000001,0.10000000000000001,0.10000000000000001,0.10000000000000001,0.90000000000000002,0.26398756003131152
0.29446112329229213,0.21881188118811881,0.2142857142857143,0.39473684210526316,0.41999999999999998,0.5,0.10000000000000001,0.10000000000000001,0.30000000000000004,0.22307692307692309,0.10000000000000001,0.10000000000000001,0.10000000000000001,0.10000000000000001,0.10000000000000001,0.10000000000000001,0.10000000000000001,0.10000000000000001,0.20000000000000001,0.10000000000000001,0.90000000000000002,0.10000000000000001,0.10000000000000001,0.10000000000000001,0.10000000000000001,0.10000000000000001,0.10000000000000001,0.10000000000000001,0.30000000000000004,0.10000000000000001,0.20909090909090911,0.10000000000000001,0.10000000000000001,0.10000000000000001,0.10000000000000001,0.10000000000000001,0.30000000000000004,0.10000000000000001,0.10000000000000001,0.10000000000000001,0.10000000000000001,0.10000000000000001,0.10000000000000001,0.10000000000000001,0.10000000000000001,0.10000000000000001,0.10000000000000001,0.10000000000000001,0.10000000000000001,0.10000000000000001,0.25349398100154441
0.29446112329229213,0.21881188118811881,0.2142857142857143,0.47894736842105262,0.5,0.56666666666666665,0.10000000000000001,0.23333333333333334,0.27142857142857146,0.14615384615384616,0.33999999999999997,0.10000000000000001,0.10000000000000001,0.3666666666666667,0.10000000000000001,0.5,0.31818181818181823,0.10000000000000001,0.10000000000000001,0.10000000000000001,0.10000000000000001,0.10000000000000001,0.3666666666666667,0.10000000000000001,0.10000000000000001,0.10000000000000001,0.10000000000000001,0.10000000000000001,0.10000000000000001,0.10000000000000001,0.10000000000000001,0.10000000000000001,0.10000000000000001,0.5,0.10000000000000001,0.10000000000000001,0.70000000000000007,0.10000000000000001,0.10000000000000001,0.10000000000000001,0.10000000000000001,0.10000000000000001,0.10000000000000001,0.10000000000000001,0.10000000000000001,0.10000000000000001,0.10000000000000001,0.10000000000000001,0.10000000000000001,0.10000000000000001,0.23548564537626676
0.29446112329229213,0.21881188118811881,0.2142857142857143,0.47894736842105262,0.5,0.6333333333333333,0.10000000000000001,0.23333333333333334,0.27142857142857146,0.14615384615384616,0.33999999999999997,0.10000000000000001,0.10000000000000001,0.3666666666666667,0.10000000000000001,0.5,0.31818181818181823,0.10000000000000001,0.10000000000000001,0.10000000000000001,0.10000000000000001,0.10000000000000001,0.3666666666666667,0.10000000000000001,0.10000000000000001,0.10000000000000001,0.10000000000000001,0.10000000000000001,0.10000000000000001,0.10000000000000001,0.10000000000000001,0.10000000000000001,0.10000000000000001,0.23333333333333334,0.10000000000000001,0.10000000000000001,0.70000000000000007,0.10000000000000001,0.10000000000000001,0.10000000000000001,0.10000000000000001,0.10000000000000001,0.10000000000000001,0.10000000000000001,0.10000000000000001,0.10000000000000001,0.10000000000000001,0.10000000000000001,0.10000000000000001,0.10000000000000001,0.32033130937017373
0.29713273739247764,0.19504950495049506,0.20989010989010992,0.64736842105263159,0.65999999999999992,0.56666666666666665,0.10000000000000001,0.23333333333333334,0.10000000000000001,0.10000000000000001,0.10000000000000001,0.6333333333333333,0.10000000000000001,0.10000000000000001,0.10000000000000001,0.10000000000000001,0.10000000000000001,0.10000000000000001,0.10000000000000001,0.10000000000000001,0.10000000000000001,0.5,0.10000000000000001,0.10000000000000001,0.10000000000000001,0.10000000000000001,0.90000000000000002,0.10000000000000001,0.10000000000000001,0.10000000000000001,0.10000000000000001,0.10000000000000001,0.10000000000000001,0.10000000000000001,0.10000000000000001,0.5,0.10000000000000001,0.10000000000000001,0.10000000000000001,0.73999999999999999,0.10000000000000001,0.10000000000000001,0.10000000000000001,0.13200000000000001,0.10000000000000001,0.10000000000000001,0.10000000000000001,0.10000000000000001,0.10000000000000001,0.10000000000000001,0.25417098610023908
0.3106797099004891,0.19504950495049506,0.2274725274725275,0.18421052631578949,0.26000000000000001,0.23333333333333334,0.10000000000000001,0.10000000000000001,0.10000000000000001,0.10000000000000001,0.10000000000000001,0.10000000000000001,0.10000000000000001,0.10000000000000001,0.10000000000000001,0.10000000000000001,0.10000000000000001,0.10000000000000001,0.10000000000000001,0.10000000000000001,0.10000000000000001,0.10000000000000001,0.10000000000000001,0.10000000000000001,0.10000000000000001,0.10000000000000001,0.10000000000000001,0.10000000000000001,0.10000000000000001,0.10000000000000001,0.10000000000000001,0.10000000000000001,0.10000000000000001,0.10000000000000001,0.10000000000000001,0.10000000000000001,0.10000000000000001,0.10000000000000001,0.10000000000000001,0.10000000000000001,0.10000000000000001,0.10000000000000001,0.10000000000000001,0.10000000000000001,0.10000000000000001,0.10000000000000001,0.10000000000000001,0.10000000000000001,0.10000000000000001,0.10000000000000001,0.24773943766263989
0.32965086861190757,0.28217821782178215,0.26703296703296703,0.60526315789473684,0.58000000000000007,0.5,0.10000000000000001,0.10000000000000001,0.30000000000000004,0.23846153846153847,0.45999999999999996,0.10000000000000001,0.10000000000000001,0.10000000000000001,0.10000000000000001,0.10000000000000001,0.10000000000000001,0.10000000000000001,0.20000000000000001,0.10000000000000001,0.10000000000000001,0.5,0.10000000000000001,0.10000000000000001,0.10000000000000001,0.10000000000000001,0.90000000000000002,0.10000000000000001,0.10000000000000001,0.10000000000000001,0.31818181818181823,0.10000000000000001,0.10000000000000001,0.10000000000000001,0.10000000000000001,0.5,0.10000000000000001,0.10000000000000001,0.10000000000000001,0.10000000000000001,0.10000000000000001,0.10000000000000001,0.10000000000000001,0.10000000000000001,0.10000000000000001,0.10000000000000001,0.10000000000000001,0.10000000000000001,0.10000000000000001,0.10000000000000001,0.30714663507309536
0.33232248271209308,0.26633663366336635,0.2274725274725275,0.47894736842105262,0.5,0.56666666666666665,0.10000000000000001,0.5,0.30000000000000004,0.22307692307692309,0.10000000000000001,0.10000000000000001,0.10000000000000001,0.10000000000000001,0.10000000000000001,0.5,0.46363636363636374,0.10000000000000001,0.20000000000000001,0.10000000000000001,0.10000000000000001,0.10000000000000001,0.5,0.10000000000000001,0.10000000000000001,0.10000000000000001,0.10000000000000001,0.10000000000000001,0.30000000000000004,0.10000000000000001,0.20909090909090911,0.10000000000000001,0.10000000000000001,0.5,0.10000000000000001,0.10000000000000001,0.30000000000000004,0.10000000000000001,0.10000000000000001,0.10000000000000001,0.10000000000000001,0.10000000000000001,0.10000000000000001,0.10000000000000001,0.10000000000000001,0.10000000000000001,0.10000000000000001,0.10000000000000001,0.10000000000000001,0.10000000000000001,0.29617915247424209
0.33232248271209308,0.26633663366336635,0.24945054945054945,0.52105263157894743,0.5,0.6333333333333333,0.10000000000000001,0.23333333333333334,0.32857142857142863,0.22307692307692309,0.10000000000000001,0.10000000000000001,0.10000000000000001,0.3666666666666667,0.10000000000000001,0.5,0.39090909090909098,0.10000000000000001,0.20000000000000001,0.10000000000000001,0.10000000000000001,0.10000000000000001,0.3666666666666667,0.10000000000000001,0.10000000000000001,0.10000000000000001,0.10000000000000001,0.10000000000000001,0.40000000000000002,0.10000000000000001,0.10000000000000001,0.10000000000000001,0.10000000000000001,0.5,0.10000000000000001,0.10000000000000001,0.5,0.10000000000000001,0.10000000000000001,0.10000000000000001,0.10000000000000001,0.10000000000000001,0.10000000000000001,0.10000000000000001,0.10000000000000001,0.10000000000000001,0.10000000000000001,0.10000000000000001,0.10000000000000001,0.10000000000000001,0.36584297712992153
0.33796255692359584,0.29009900990099008,0.25824175824175827,0.39473684210526316,0.41999999999999998,0.23333333333333334,0.10000000000000001,0.10000000000000001,0.41428571428571437,0.25384615384615383,0.10000000000000001,0.10000000000000001,0.10000000000000001,0.10000000000000001,0.10000000000000001,0.10000000000000001,0.10000000000000001,0.10000000000000001,0.30000000000000004,0.10000000000000001,0.10000000000000001,0.10000000000000001,0.10000000000000001,0.10000000000000001,0.10000000000000001,0.10000000000000001,0.10000000000000001,0.90000000000000002,0.10000000000000001,0.10000000000000001,0.10000000000000001,0.10000000000000001,0.10000000000000001,0.10000000000000001,0.10000000000000001,0.10000000000000001,0.10000000000000001,0.10000000000000001,0.10000000000000001,0.10000000000000001,0.10000000000000001,0.10000000000000001,0.10000000000000001,0.10000000000000001,0.10000000000000001,0.10000000000000001,0.10000000000000001,0.10000000000000001,0.90000000000000002,0.10000000000000001,0.34305667802060635
0.34319784111991908,0.28217821782178215,0.27142857142857146,0.22631578947368419,0.26000000000000001,0.23333333333333334,0.10000000000000001,0.10000000000000001,0.27142857142857146,0.10000000000000001,0.10000000000000001,0.10000000000000001,0.10000000000000001,0.10000000000000001,0.10000000000000001,0.10000000000000001,0.10000000000000001,0.10000000000000001,0.10000000000000001,0.6333333333333333,0.10000000000000001,0.10000000000000001,0.10000000000000001,0.10000000000000001,0.10000000000000001,0.10000000000000001,0.10000000000000001,0.10000000000000001,0.10000000000000001,0.10000000000000001,0.10000000000000001,0.10000000000000001,0.10000000000000001,0.10000000000000001,0.10000000000000001,0.10000000000000001,0.10000000000000001,0.10000000000000001,0.10000000000000001,0.10000000000000001,0.90000000000000002,0.10000000000000001,0.10000000000000001,0.10000000000000001,0.10000000000000001,0.10000000000000001,0.10000000000000001,0.10000000000000001,0.10000000000000001,0.10000000000000001,0.29262826073158865
0.34319784111991908,0.28217821782178215,0.2846153846153846,0.31052631578947365,0.34000000000000002,0.36666666666666664,0.10000000000000001,0.10000000000000001,0.24285714285714288,0.17692307692307693,0.10000000000000001,0.10000000000000001,0.10000000000000001,0.10000000000000001,0.10000000000000001,0.10000000000000001,0.10000000000000001,0.30000000000000004,0.20000000000000001,0.3666666666666667,0.10000000000000001,0.10000000000000001,0.10000000000000001,0.10000000000000001,0.10000000000000001,0.10000000000000001,0.10000000000000001,0.10000000000000001,0.20000000000000001,0.10000000000000001,0.10000000000000001,0.10000000000000001,0.10000000000000001,0.10000000000000001,0.10000000000000001,0.10000000000000001,0.10000000000000001,0.10000000000000001,0.10000000000000001,0.10000000000000001,0.10000000000000001,0.10000000000000001,0.10000000000000001,0.10000000000000001,0.10000000000000001,0.10000000000000001,0.10000000000000001,0.10000000000000001,0.10000000000000001,0.10000000000000001,0.2786785706729854
0.36751222803170852,0.32970297029702972,0.32857142857142857,0.60526315789473684,0.58000000000000007,0.56666666666666665,0.10000000000000001,0.23333333333333334,0.32857142857142863,0.31538461538461537,0.10000000000000001,0.10000000000000001,0.10000000000000001,0.10000000000000001,0.10000000000000001,0.10000000000000001,0.10000000000000001,0.10000000000000001,0.30000000000000004,0.10000000000000001,0.10000000000000001,0.5,0.10000000000000001,0.10000000000000001,0.10000000000000001,0.10000000000000001,0.10000000000000001,0.10000000000000001,0.5,0.10000000000000001,0.28181818181818186,0.10000000000000001,0.10000000000000001,0.10000000000000001,0.10000000000000001,0.10000000000000001,0.5,0.10000000000000001,0.10000000000000001,0.10000000000000001,0.10000000000000001,0.26000000000000001,0.10000000000000001,0.10000000000000001,0.10000000000000001,0.10000000000000001,0.10000000000000001,0.10000000000000001,0.10000000000000001,0.10000000000000001,0.35081346393890028
0.37004891212683416,0.29009900990099008,0.30219780219780223,0.73157894736842111,0.73999999999999999,0.5,0.10000000000000001,0.10000000000000001,0.15714285714285714,0.16153846153846155,0.10000000000000001,0.10000000000000001,0.10000000000000001,0.10000000000000001,0.10000000000000001,0.10000000000000001,0.10000000000000001,0.10000000000000001,0.10000000000000001,0.10000000000000001,0.90000000000000002,0.5,0.10000000000000001,0.10000000000000001,0.10000000000000001,0.90000000000000002,0.10000000000000001,0.10000000000000001,0.10000000000000001,0.10000000000000001,0.10000000000000001,0.10000000000000001,0.10000000000000001,0.10000000000000001,0.10000000000000001,0.90000000000000002,0.10000000000000001,0.10000000000000001,0.90000000000000002,0.10000000000000001,0.10000000000000001,0.10000000000000001,0.10000000000000001,0.10000000000000001,0.10000000000000001,0.10000000000000001,0.10000000000000001,0.10000000000000001,0.10000000000000001,0.10000000000000001,0.29834556879006496
0.37018384213189409,0.31386138613861386,0.2846153846153846,0.56315789473684219,0.5,0.69999999999999996,0.10000000000000001,0.23333333333333334,0.38571428571428579,0.26923076923076927,0.57999999999999996,0.10000000000000001,0.10000000000000001,0.3666666666666667,0.10000000000000001,0.5,0.46363636363636374,0.10000000000000001,0.20000000000000001,0.10000000000000001,0.10000000000000001,0.10000000000000001,0.3666666666666667,0.10000000000000001,0.10000000000000001,0.10000000000000001,0.10000000000000001,0.10000000000000001,0.10000000000000001,0.10000000000000001,0.20909090909090911,0.10000000000000001,0.10000000000000001,0.5,0.10000000000000001,0.10000000000000001,0.30000000000000004,0.10000000000000001,0.10000000000000001,0.10000000000000001,0.10000000000000001,0.10000000000000001,0.10000000000000001,0.10000000000000001,0.10000000000000001,0.10000000000000001,0.10000000000000001,0.10000000000000001,0.10000000000000001,0.10000000000000001,0.3464467810523198
0.37018384213189409,0.31386138613861386,0.32857142857142857,0.56315789473684219,0.58000000000000007,0.69999999999999996,0.10000000000000001,0.23333333333333334,0.32857142857142863,0.31538461538461537,0.10000000000000001,0.6333333333333333,0.10000000000000001,0.10000000000000001,0.10000000000000001,0.10000000000000001,0.10000000000000001,0.10000000000000001,0.30000000000000004,0.10000000000000001,0.10000000000000001,0.5,0.10000000000000001,0.10000000000000001,0.10000000000000001,0.10000000000000001,0.10000000000000001,0.10000000000000001,0.43333333333333335,0.10000000000000001,0.30000000000000004,0.10000000000000001,0.10000000000000001,0.10000000000000001,0.10000000000000001,0.10000000000000001,0.5,0.10000000000000001,0.10000000000000001,0.10000000000000001,0.10000000000000001,0.26000000000000001,0.10000000000000001,0.19600000000000001,0.10000000000000001,0.10000000000000001,0.10000000000000001,0.10000000000000001,0.10000000000000001,0.10000000000000001,0.33798421731863665
0.37536515432619327,0.20297029702970298,0.22307692307692306,0.56315789473684219,0.65999999999999992,0.69999999999999996,0.10000000000000001,0.3666666666666667,0.10000000000000001,0.10000000000000001,0.10000000000000001,0.6333333333333333,0.10000000000000001,0.10000000000000001,0.10000000000000001,0.10000000000000001,0.10000000000000001,0.10000000000000001,0.10000000000000001,0.10000000000000001,0.10000000000000001,0.10000000000000001,0.3666666666666667,0.10000000000000001,0.10000000000000001,0.10000000000000001,0.10000000000000001,0.10000000000000001,0.10000000000000001,0.10000000000000001,0.10000000000000001,0.10000000000000001,0.10000000000000001,0.5,0.10000000000000001,0.10000000000000001,0.10000000000000001,0.10000000000000001,0.10000000000000001,0.42000000000000004,0.10000000000000001,0.10000000000000001,0.10000000000000001,0.13200000000000001,0.10000000000000001,0.10000000000000001,0.10000000000000001,0.10000000000000001,0.10000000000000001,0.10000000000000001,0.28261366280914807
0.37706527238994769,0.13960396039603962,0.13516483516483518,0.31052631578947365,0.26000000000000001,0.16666666666666669,0.70000000000000007,0.10000000000000001,0.10000000000000001,0.10000000000000001,0.10000000000000001,0.10000000000000001,0.10000000000000001,0.10000000000000001,0.90000000000000002,0.10000000000000001,0.10000000000000001,0.10000000000000001,0.10000000000000001,0.10000000000000001,0.10000000000000001,0.10000000000000001,0.10000000000000001,0.10000000000000001,0.10000000000000001,0.10000000000000001,0.10000000000000001,0.10000000000000001,0.10000000000000001,0.10000000000000001,0.10000000000000001,0.10000000000000001,0.10000000000000001,0.10000000000000001,0.10000000000000001,0.10000000000000001,0.10000000000000001,0.10000000000000001,0.10000000000000001,0.10000000000000001,0.10000000000000001,0.10000000000000001,0.10000000000000001,0.10000000000000001,0.10000000000000001,0.5,0.10000000000000001,0.10000000000000001,0.10000000000000001,0.10000000000000001,0.23250682294201028
0.38105920053972003,0.32970297029702972,0.31098901098901099,0.31052631578947365,0.34000000000000002,0.36666666666666664,0.10000000000000001,0.10000000000000001,0.32857142857142863,0.17692307692307693,0.10000000000000001,0.10000000000000001,0.10000000000000001,0.10000000000000001,0.10000000000000001,0.10000000000000001,0.10000000000000001,0.30000000000000004,0.20000000000000001,0.6333333333333333,0.10000000000000001,0.10000000000000001,0.10000000000000001,0.10000000000000001,0.10000000000000001,0.10000000000000001,0.10000000000000001,0.10000000000000001,0.20000000000000001,0.10000000000000001,0.10000000000000001,0.10000000000000001,0.10000000000000001,0.10000000000000001,0.10000000000000001,0.10000000000000001,0.10000000000000001,0.10000000000000001,0.10000000000000001,0.10000000000000001,0.10000000000000001,0.10000000000000001,0.10000000000000001,0.10000000000000001,0.10000000000000001,0.10000000000000001,0.10000000000000001,0.10000000000000001,0.10000000000000001,0.10000000000000001,0.31797871665220978
0.38105920053972003,0.32970297029702972,0.32417582417582419,0.35263157894736841,0.34000000000000002,0.43333333333333335,0.10000000000000001,0.10000000000000001,0.30000000000000004,0.22307692307692309,0.10000000000000001,0.10000000000000001,0.10000000000000001,0.10000000000000001,0.10000000000000001,0.10000000000000001,0.10000000000000001,0.30000000000000004,0.20000000000000001,0.3666666666666667,0.10000000000000001,0.10000000000000001,0.10000000000000001,0.10000000000000001,0.10000000000000001,0.10000000000000001,0.10000000000000001,0.10000000000000001,0.30000000000000004,0.10000000000000001,0.20909090909090911,0.10000000000000001,0.10000000000000001,0.10000000000000001,0.10000000000000001,0.10000000000000001,0.10000000000000001,0.10000000000000001,0.10000000000000001,0.10000000000000001,0.10000000000000001,0.10000000000000001,0.10000000000000001,0.10000000000000001,0.10000000000000001,0.10000000000000001,0.10000000000000001,0.10000000000000001,0.10000000000000001,0.10000000000000001,0.31814796792688343
0.38626749873503119,0.21881188118811881,0.24945054945054945,0.35263157894736841,0.5,0.23333333333333334,0.10000000000000001,0.10000000000000001,0.10000000000000001,0.10000000000000001,0.10000000000000001,0.10000000000000001,0.10000000000000001,0.10000000000000001,0.10000000000000001,0.10000000000000001,0.10000000000000001,0.10000000000000001,0.10000000000000001,0.10000000000000001,0.10000000000000001,0.10000000000000001,0.10000000000000001,0.10000000000000001,0.10000000000000001,0.10000000000000001,0.10000000000000001,0.10000000000000001,0.10000000000000001,0.10000000000000001,0.10000000000000001,0.10000000000000001,0.10000000000000001,0.10000000000000001,0.10000000000000001,0.10000000000000001,0.10000000000000001,0.10000000000000001,0.10000000000000001,0.10000000000000001,0.10000000000000001,0.10000000000000001,0.10000000000000001,0.10000000000000001,0.10000000000000001,0.10000000000000001,0.10000000000000001,0.10000000000000001,0.10000000000000001,0.10000000000000001,0.27058835974358431
0.38637544273907909,0.29009900990099008,0.28021978021978022,0.31052631578947365,0.41999999999999998,0.29999999999999999,0.10000000000000001,0.10000000000000001,0.27142857142857146,0.10000000000000001,0.10000000000000001,0.10000000000000001,0.10000000000000001,0.10000000000000001,0.10000000000000001,0.10000000000000001,0.10000000000000001,0.10000000000000001,0.10000000000000001,0.6333333333333333,0.10000000000000001,0.10000000000000001,0.10000000000000001,0.10000000000000001,0.10000000000000001,0.10000000000000001,0.10000000000000001,0.10000000000000001,0.10000000000000001,0.10000000000000001,0.10000000000000001,0.10000000000000001,0.10000000000000001,0.10000000000000001,0.10000000000000001,0.10000000000000001,0.10000000000000001,0.10000000000000001,0.10000000000000001,0.10000000000000001,0.90000000000000002,0.10000000000000001,0.10000000000000001,0.10000000000000001,0.10000000000000001,0.10000000000000001,0.10000000000000001,0.10000000000000001,0.10000000000000001,0.10000000000000001,0.31645545518014684
0.40801821555068302,0.36138613861386137,0.32417582417582419,0.56315789473684219,0.5,0.69999999999999996,0.10000000000000001,0.23333333333333334,0.44285714285714284,0.31538461538461537,0.10000000000000001,0.10000000000000001,0.10000000000000001,0.18888888888888888,0.10000000000000001,0.5,0.46363636363636374,0.10000000000000001,0.30000000000000004,0.10000000000000001,0.10000000000000001,0.10000000000000001,0.3666666666666667,0.10000000000000001,0.10000000000000001,0.10000000000000001,0.10000000000000001,0.10000000000000001,0.10000000000000001,0.10000000000000001,0.31818181818181823,0.10000000000000001,0.10000000000000001,0.5,0.10000000000000001,0.10000000000000001,0.5,0.10000000000000001,0.10000000000000001,0.10000000000000001,0.10000000000000001,0.10000000000000001,0.90000000000000013,0.10000000000000001,0.10000000000000001,0.10000000000000001,0.10000000000000001,0.10000000000000001,0.10000000000000001,0.10000000000000001,0.45590158038377726
0.40801821555068302,0.36138613861386137,0.33296703296703301,0.56315789473684219,0.5,0.76666666666666661,0.10000000000000001,0.23333333333333334,0.44285714285714284,0.34615384615384615,0.10000000000000001,0.10000000000000001,0.10000000000000001,0.27777777777777779,0.10000000000000001,0.5,0.39090909090909098,0.10000000000000001,0.3666666666666667,0.10000000000000001,0.10000000000000001,0.10000000000000001,0.3666666666666667,0.10000000000000001,0.10000000000000001,0.10000000000000001,0.10000000000000001,0.10000000000000001,0.43333333333333335,0.10000000000000001,0.22727272727272729,0.10000000000000001,0.10000000000000001,0.5,0.10000000000000001,0.10000000000000001,0.5,0.10000000000000001,0.10000000000000001,0.10000000000000001,0.10000000000000001,0.17999999999999999,0.10000000000000001,0.10000000000000001,0.10000000000000001,0.10000000000000001,0.10000000000000001,0.10000000000000001,0.10000000000000001,0.10000000000000001,0.45791567055239385
0.41616798785629955,0.29009900990099008,0.25384615384615383,0.77368421052631586,0.65999999999999992,0.43333333333333335,0.10000000000000001,0.6333333333333333,0.15714285714285714,0.16153846153846155,0.81999999999999995,0.10000000000000001,0.90000000000000002,0.10000000000000001,0.10000000000000001,0.10000000000000001,0.10000000000000001,0.10000000000000001,0.10000000000000001,0.10000000000000001,0.10000000000000001,0.5,0.10000000000000001,0.10000000000000001,0.10000000000000001,0.10000000000000001,0.90000000000000002,0.10000000000000001,0.10000000000000001,0.10000000000000001,0.10000000000000001,0.10000000000000001,0.10000000000000001,0.10000000000000001,0.10000000000000001,0.5,0.10000000000000001,0.10000000000000001,0.10000000000000001,0.10000000000000001,0.10000000000000001,0.10000000000000001,0.10000000000000001,0.10000000000000001,0.10000000000000001,0.10000000000000001,0.10000000000000001,0.10000000000000001,0.10000000000000001,0.10000000000000001,0.36215329934203566
0.44037443076404115,0.67821782178217827,0.70219780219780226,0.35263157894736841,0.34000000000000002,0.29999999999999999,0.10000000000000001,0.10000000000000001,0.10000000000000001,0.10000000000000001,0.10000000000000001,0.10000000000000001,0.10000000000000001,0.10000000000000001,0.10000000000000001,0.10000000000000001,0.10000000000000001,0.90000000000000002,0.10000000000000001,0.10000000000000001,0.10000000000000001,0.10000000000000001,0.10000000000000001,0.10000000000000001,0.10000000000000001,0.10000000000000001,0.10000000000000001,0.10000000000000001,0.10000000000000001,0.10000000000000001,0.10000000000000001,0.10000000000000001,0.10000000000000001,0.10000000000000001,0.90000000000000002,0.10000000000000001,0.10000000000000001,0.10000000000000001,0.10000000000000001,0.10000000000000001,0.10000000000000001,0.10000000000000001,0.10000000000000001,0.10000000000000001,0.10000000000000001,0.10000000000000001,0.90000000000000002,0.10000000000000001,0.10000000000000001,0.10000000000000001,0.30240759938223283
0.44587957497048403,0.40891089108910889,0.36813186813186816,0.56315789473684219,0.5,0.76666666666666661,0.10000000000000001,0.23333333333333334,0.5,0.39230769230769236,0.62,0.10000000000000001,0.10000000000000001,0.27777777777777779,0.10000000000000001,0.5,0.46363636363636374,0.10000000000000001,0.3666666666666667,0.10000000000000001,0.10000000000000001,0.10000000000000001,0.3666666666666667,0.10000000000000001,0.10000000000000001,0.10000000000000001,0.10000000000000001,0.10000000000000001,0.10000000000000001,0.10000000000000001,0.33636363636363642,0.10000000000000001,0.10000000000000001,0.5,0.10000000000000001,0.10000000000000001,0.30000000000000004,0.10000000000000001,0.10000000000000001,0.10000000000000001,0.10000000000000001,0.17999999999999999,0.10000000000000001,0.10000000000000001,0.10000000000000001,0.10000000000000001,0.10000000000000001,0.10000000000000001,0.10000000000000001,0.10000000000000001,0.50891107961156834
0.44587957497048403,0.40891089108910889,0.39890109890109893,0.43684210526315786,0.41999999999999998,0.6333333333333333,0.10000000000000001,0.10000000000000001,0.55714285714285716,0.36153846153846159,0.10000000000000001,0.10000000000000001,0.10000000000000001,0.90000000000000002,0.10000000000000001,0.5,0.46363636363636374,0.10000000000000001,0.20000000000000001,0.10000000000000001,0.10000000000000001,0.10000000000000001,0.10000000000000001,0.10000000000000001,0.10000000000000001,0.10000000000000001,0.10000000000000001,0.10000000000000001,0.30000000000000004,0.10000000000000001,0.53636363636363638,0.10000000000000001,0.10000000000000001,0.5,0.10000000000000001,0.10000000000000001,0.30000000000000004,0.10000000000000001,0.10000000000000001,0.10000000000000001,0.10000000000000001,0.10000000000000001,0.10000000000000001,0.10000000000000001,0.10000000000000001,0.10000000000000001,0.10000000000000001,0.10000000000000001,0.10000000000000001,0.10000000000000001,0.441193644614636
0.45931860347444764,0.32970297029702972,0.3461538461538462,0.77368421052631586,0.82000000000000006,0.56666666666666665,0.10000000000000001,0.10000000000000001,0.15714285714285714,0.13076923076923078,0.45999999999999996,0.10000000000000001,0.10000000000000001,0.10000000000000001,0.10000000000000001,0.10000000000000001,0.10000000000000001,0.30000000000000004,0.10000000000000001,0.3666666666666667,0.10000000000000001,0.5,0.10000000000000001,0.10000000000000001,0.10000000000000001,0.10000000000000001,0.90000000000000002,0.10000000000000001,0.10000000000000001,0.10000000000000001,0.10000000000000001,0.10000000000000001,0.10000000000000001,0.10000000000000001,0.10000000000000001,0.5,0.10000000000000001,0.10000000000000001,0.10000000000000001,0.10000000000000001,0.10000000000000001,0.10000000000000001,0.10000000000000001,0.10000000000000001,0.10000000000000001,0.10000000000000001,0.10000000000000001,0.10000000000000001,0.10000000000000001,0.10000000000000001,0.35030571011487932
0.46196323157362118,0.31386138613861386,0.32417582417582419,0.56315789473684219,0.65999999999999992,0.56666666666666665,0.10000000000000001,0.23333333333333334,0.18571428571428572,0.14615384615384616,0.33999999999999997,0.10000000000000001,0.10000000000000001,0.3666666666666667,0.10000000000000001,0.10000000000000001,0.10000000000000001,0.33333333333333337,0.10000000000000001,0.10000000000000001,0.10000000000000001,0.10000000000000001,0.3666666666666667,0.10000000000000001,0.10000000000000001,0.10000000000000001,0.10000000000000001,0.10000000000000001,0.10000000000000001,0.10000000000000001,0.10000000000000001,0.10000000000000001,0.10000000000000001,0.5,0.10000000000000001,0.10000000000000001,0.10000000000000001,0.10000000000000001,0.10000000000000001,0.10000000000000001,0.10000000000000001,0.10000000000000001,0.10000000000000001,0.10000000000000001,0.10000000000000001,0.10000000000000001,0.10000000000000001,0.10000000000000001,0.10000000000000001,0.10000000000000001,0.33955825417310176
0.48894923258559619,0.34554455445544552,0.30219780219780223,0.47894736842105262,0.5,0.56666666666666665,0.10000000000000001,0.90000000000000002,0.27142857142857146,0.2076923076923077,0.10000000000000001,0.10000000000000001,0.10000000000000001,0.10000000000000001,0.10000000000000001,0.90000000000000002,0.90000000000000013,0.10000000000000001,0.18333333333333335,0.10000000000000001,0.10000000000000001,0.10000000000000001,0.90000000000000002,0.10000000000000001,0.10000000000000001,0.10000000000000001,0.10000000000000001,0.10000000000000001,0.3666666666666667,0.10000000000000001,0.19090909090909092,0.10000000000000001,0.10000000000000001,0.90000000000000002,0.10000000000000001,0.10000000000000001,0.70000000000000007,0.10000000000000001,0.10000000000000001,0.10000000000000001,0.10000000000000001,0.10000000000000001,0.10000000000000001,0.10000000000000001,0.10000000000000001,0.10000000000000001,0.10000000000000001,0.10000000000000001,0.10000000000000001,0.10000000000000001,0.4159870522774875
0.52157530780907402,0.50396039603960396,0.46483516483516485,0.56315789473684219,0.5,0.76666666666666661,0.10000000000000001,0.23333333333333334,0.61428571428571432,0.51538461538461544,0.62,0.10000000000000001,0.10000000000000001,0.27777777777777779,0.10000000000000001,0.5,0.46363636363636374,0.10000000000000001,0.5,0.10000000000000001,0.10000000000000001,0.10000000000000001,0.3666666666666667,0.10000000000000001,0.10000000000000001,0.10000000000000001,0.10000000000000001,0.10000000000000001,0.10000000000000001,0.10000000000000001,0.48181818181818192,0.10000000000000001,0.10000000000000001,0.5,0.10000000000000001,0.10000000000000001,0.30000000000000004,0.10000000000000001,0.10000000000000001,0.10000000000000001,0.10000000000000001,0.34000000000000002,0.10000000000000001,0.10000000000000001,0.10000000000000001,0.10000000000000001,0.10000000000000001,0.10000000000000001,0.10000000000000001,0.10000000000000001,0.6128652125161318
0.55679203912970154,0.56732673267326739,0.5703296703296703,0.60526315789473684,0.58000000000000007,0.56666666666666665,0.10000000000000001,0.23333333333333334,0.61428571428571432,0.62307692307692308,0.10000000000000001,0.10000000000000001,0.10000000000000001,0.10000000000000001,0.10000000000000001,0.10000000000000001,0.10000000000000001,0.10000000000000001,0.6333333333333333,0.10000000000000001,0.10000000000000001,0.5,0.10000000000000001,0.10000000000000001,0.10000000000000001,0.10000000000000001,0.10000000000000001,0.10000000000000001,0.5,0.10000000000000001,0.6454545454545455,0.10000000000000001,0.10000000000000001,0.10000000000000001,0.10000000000000001,0.10000000000000001,0.5,0.10000000000000001,0.10000000000000001,0.10000000000000001,0.10000000000000001,0.66000000000000003,0.10000000000000001,0.10000000000000001,0.10000000000000001,0.10000000000000001,0.10000000000000001,0.10000000000000001,0.10000000000000001,0.10000000000000001,0.60623056254892416
0.58070163602631131,0.34554455445544552,0.35934065934065934,0.68947368421052635,0.82000000000000006,0.56666666666666665,0.10000000000000001,0.23333333333333334,0.18571428571428572,0.14615384615384616,0.33999999999999997,0.10000000000000001,0.10000000000000001,0.3666666666666667,0.10000000000000001,0.10000000000000001,0.10000000000000001,0.10000000000000001,0.10000000000000001,0.10000000000000001,0.10000000000000001,0.10000000000000001,0.3666666666666667,0.10000000000000001,0.10000000000000001,0.10000000000000001,0.10000000000000001,0.10000000000000001,0.10000000000000001,0.10000000000000001,0.10000000000000001,0.10000000000000001,0.10000000000000001,0.5,0.10000000000000001,0.10000000000000001,0.10000000000000001,0.10000000000000001,0.10000000000000001,0.10000000000000001,0.10000000000000001,0.10000000000000001,0.10000000000000001,0.10000000000000001,0.10000000000000001,0.10000000000000001,0.10000000000000001,0.10000000000000001,0.10000000000000001,0.10000000000000001,0.44424016755876194
0.59462641254849047,0.61485148514851495,0.6186813186813187,0.60526315789473684,0.58000000000000007,0.56666666666666665,0.10000000000000001,0.23333333333333334,0.67142857142857149,0.68461538461538463,0.10000000000000001,0.10000000000000001,0.10000000000000001,0.10000000000000001,0.10000000000000001,0.10000000000000001,0.10000000000000001,0.10000000000000001,0.69999999999999996,0.10000000000000001,0.10000000000000001,0.5,0.10000000000000001,0.10000000000000001,0.10000000000000001,0.10000000000000001,0.10000000000000001,0.10000000000000001,0.5,0.10000000000000001,0.71818181818181825,0.10000000000000001,0.10000000000000001,0.10000000000000001,0.10000000000000001,0.10000000000000001,0.5,0.10000000000000001,0.10000000000000001,0.10000000000000001,0.10000000000000001,0.73999999999999999,0.10000000000000001,0.10000000000000001,0.10000000000000001,0.10000000000000001,0.10000000000000001,0.10000000000000001,0.10000000000000001,0.10000000000000001,0.62921488564960759
0.60250632484398714,0.48811881188118811,0.5,0.77368421052631586,0.73999999999999999,0.83333333333333337,0.10000000000000001,0.3666666666666667,0.44285714285714284,0.40769230769230769,0.90000000000000002,0.6333333333333333,0.10000000000000001,0.10000000000000001,0.10000000000000001,0.10000000000000001,0.90000000000000013,0.10000000000000001,0.3666666666666667,0.10000000000000001,0.10000000000000001,0.90000000000000002,0.3666666666666667,0.10000000000000001,0.10000000000000001,0.10000000000000001,0.10000000000000001,0.10000000000000001,0.10000000000000001,0.10000000000000001,0.10000000000000001,0.10000000000000001,0.10000000000000001,0.5,0.10000000000000001,0.10000000000000001,0.90000000000000002,0.10000000000000001,0.10000000000000001,0.10000000000000001,0.10000000000000001,0.26000000000000001,0.10000000000000001,0.51600000000000001,0.10000000000000001,0.10000000000000001,0.10000000000000001,0.10000000000000001,0.10000000000000001,0.10000000000000001,0.73094336429221229
0.63515938606847699,0.64653465346534655,0.65384615384615385,0.39473684210526316,0.41999999999999998,0.56666666666666665,0.10000000000000001,0.10000000000000001,0.81428571428571428,0.79230769230769227,0.10000000000000001,0.10000000000000001,0.10000000000000001,0.10000000000000001,0.10000000000000001,0.10000000000000001,0.10000000000000001,0.10000000000000001,0.86666666666666659,0.10000000000000001,0.90000000000000002,0.10000000000000001,0.10000000000000001,0.10000000000000001,0.10000000000000001,0.10000000000000001,0.10000000000000001,0.10000000000000001,0.20000000000000001,0.10000000000000001,0.84545454545454557,0.10000000000000001,0.10000000000000001,0.10000000000000001,0.10000000000000001,0.10000000000000001,0.5,0.10000000000000001,0.10000000000000001,0.10000000000000001,0.10000000000000001,0.82000000000000006,0.10000000000000001,0.10000000000000001,0.10000000000000001,0.10000000000000001,0.10000000000000001,0.10000000000000001,0.10000000000000001,0.10000000000000001,0.70624114075359135
0.65645134086692525,0.4405940594059406,0.45604395604395609,0.81578947368421051,0.89999999999999991,0.76666666666666661,0.10000000000000001,0.3666666666666667,0.2142857142857143,0.22307692307692309,0.66000000000000003,0.6333333333333333,0.10000000000000001,0.10000000000000001,0.10000000000000001,0.10000000000000001,0.10000000000000001,0.10000000000000001,0.16666666666666669,0.10000000000000001,0.10000000000000001,0.10000000000000001,0.3666666666666667,0.10000000000000001,0.10000000000000001,0.10000000000000001,0.10000000000000001,0.10000000000000001,0.10000000000000001,0.10000000000000001,0.10000000000000001,0.10000000000000001,0.10000000000000001,0.5,0.10000000000000001,0.10000000000000001,0.10000000000000001,0.10000000000000001,0.10000000000000001,0.10000000000000001,0.10000000000000001,0.17999999999999999,0.10000000000000001,0.26000000000000001,0.10000000000000001,0.10000000000000001,0.10000000000000001,0.10000000000000001,0.10000000000000001,0.10000000000000001,0.66445469354941067
0.67288581548321802,0.61485148514851495,0.60989010989010994,0.90000000000000002,0.82000000000000006,0.83333333333333337,0.10000000000000001,0.3666666666666667,0.55714285714285716,0.53076923076923077,0.10000000000000001,0.10000000000000001,0.10000000000000001,0.10000000000000001,0.10000000000000001,0.10000000000000001,0.10000000000000001,0.10000000000000001,0.5,0.10000000000000001,0.10000000000000001,0.90000000000000002,0.10000000000000001,0.5,0.10000000000000001,0.10000000000000001,0.10000000000000001,0.10000000000000001,0.90000000000000002,0.10000000000000001,0.46363636363636374,0.10000000000000001,0.90000000000000002,0.10000000000000001,0.10000000000000001,0.10000000000000001,0.90000000000000002,0.10000000000000001,0.10000000000000001,0.10000000000000001,0.10000000000000001,0.42000000000000004,0.10000000000000001,0.10000000000000001,0.10000000000000001,0.10000000000000001,0.10000000000000001,0.10000000000000001,0.10000000000000001,0.10000000000000001,0.62381576998751775
0.67820205768257713,0.58316831683168324,0.60989010989010994,0.77368421052631586,0.73999999999999999,0.90000000000000002,0.10000000000000001,0.3666666666666667,0.55714285714285716,0.53076923076923077,0.10000000000000001,0.6333333333333333,0.10000000000000001,0.10000000000000001,0.10000000000000001,0.10000000000000001,0.90000000000000013,0.10000000000000001,0.56666666666666665,0.10000000000000001,0.10000000000000001,0.90000000000000002,0.3666666666666667,0.10000000000000001,0.10000000000000001,0.10000000000000001,0.10000000000000001,0.10000000000000001,0.10000000000000001,0.10000000000000001,0.10000000000000001,0.10000000000000001,0.10000000000000001,0.5,0.10000000000000001,0.10000000000000001,0.90000000000000002,0.10000000000000001,0.10000000000000001,0.90000000000000002,0.10000000000000001,0.5,0.10000000000000001,0.90000000000000002,0.10000000000000001,0.10000000000000001,0.10000000000000001,0.10000000000000001,0.10000000000000001,0.10000000000000001,0.80667484714494253
0.78644290774160897,0.75742574257425743,0.75494505494505493,0.90000000000000002,0.82000000000000006,0.83333333333333337,0.10000000000000001,0.3666666666666667,0.72857142857142865,0.7153846153846154,0.10000000000000001,0.10000000000000001,0.10000000000000001,0.10000000000000001,0.10000000000000001,0.10000000000000001,0.10000000000000001,0.10000000000000001,0.69999999999999996,0.10000000000000001,0.10000000000000001,0.90000000000000002,0.10000000000000001,0.5,0.10000000000000001,0.10000000000000001,0.10000000000000001,0.10000000000000001,0.90000000000000002,0.10000000000000001,0.68181818181818188,0.10000000000000001,0.90000000000000002,0.10000000000000001,0.10000000000000001,0.10000000000000001,0.90000000000000002,0.10000000000000001,0.10000000000000001,0.10000000000000001,0.10000000000000001,0.66000000000000003,0.10000000000000001,0.10000000000000001,0.10000000000000001,0.10000000000000001,0.10000000000000001,0.10000000000000001,0.10000000000000001,0.10000000000000001,0.75376689868195568
0.82430426716141003,0.804950495049505,0.80329670329670333,0.90000000000000002,0.82000000000000006,0.83333333333333337,0.10000000000000001,0.3666666666666667,0.7857142857142857,0.77692307692307694,0.10000000000000001,0.10000000000000001,0.10000000000000001,0.10000000000000001,0.10000000000000001,0.10000000000000001,0.10000000000000001,0.10000000000000001,0.76666666666666661,0.10000000000000001,0.10000000000000001,0.90000000000000002,0.10000000000000001,0.5,0.10000000000000001,0.10000000000000001,0.10000000000000001,0.10000000000000001,0.90000000000000002,0.10000000000000001,0.75454545454545463,0.10000000000000001,0.90000000000000002,0.10000000000000001,0.10000000000000001,0.10000000000000001,0.90000000000000002,0.10000000000000001,0.10000000000000001,0.10000000000000001,0.10000000000000001,0.73999999999999999,0.10000000000000001,0.10000000000000001,0.10000000000000001,0.10000000000000001,0.10000000000000001,0.10000000000000001,0.10000000000000001,0.10000000000000001,0.81087227875684942
0.90000000000000002,0.90000000000000002,0.90000000000000002,0.90000000000000002,0.82000000000000006,0.83333333333333337,0.10000000000000001,0.3666666666666667,0.90000000000000002,0.90000000000000002,0.10000000000000001,0.10000000000000001,0.10000000000000001,0.10000000000000001,0.10000000000000001,0.10000000000000001,0.10000000000000001,0.10000000000000001,0.90000000000000002,0.10000000000000001,0.10000000000000001,0.90000000000000002,0.10000000000000001,0.5,0.10000000000000001,0.10000000000000001,0.10000000000000001,0.10000000000000001,0.90000000000000002,0.10000000000000001,0.90000000000000013,0.10000000000000001,0.90000000000000002,0.10000000000000001,0.10000000000000001,0.10000000000000001,0.90000000000000002,0.10000000000000001,0.10000000000000001,0.10000000000000001,0.10000000000000001,0.90000000000000002,0.10000000000000001,0.10000000000000001,0.10000000000000001,0.10000000000000001,0.10000000000000001,0.10000000000000001,0.10000000000000001,0.10000000000000001,0.90000000000000013
