QAgNO3(%),Qpva(%),Qtsc(%),Qseed(%),Qtot(uL/min),loss
0.10000000000000001,0.39333155034317224,0.26453333333333334,0.89999999999999991,0.50868454661558116,0.13273950978046245
0.12233605065177959,0.34004171260703597,0.34990301173333332,0.31472063220032498,0.56283524904214566,0.21993668063877925
0.12800060453268716,0.32932422408253248,0.19943458250666668,0.6305675146308567,0.41366538952745857,0.10551038640434729
0.13970327197981214,0.76133923912652657,0.57734635733333339,0.81998427188533318,0.73243933588761179,0.10181047239656316
0.14477916353200232,0.87338768123890675,0.52134134133333343,0.80726022828624355,0.23588761174968076,0.15521610840894184
0.1449626323347043,0.69729488084667834,0.32666666666666666,0.86214150708877679,0.40242656449553005,0.10000000000000009
0.15041326807110733,0.70266176883598808,0.34076982293333336,0.69371612618250778,0.33805874840357603,0.1054335238450449
0.16690228279428287,0.23330181579457346,0.57730315893333328,0.76526534579662897,0.61800766283524911,0.17228230879341688
0.17010530450578093,0.90000000000000013,0.19334956914666668,0.24743349722030356,0.70115453384418913,0.26247172315454093
0.17932900895778731,0.52681307039930214,0.21653925357333334,0.39295906310204021,0.83172924648786717,0.20910185309690377
0.18754896237686847,0.16404021939299632,0.20510028653333334,0.52945988571729552,0.60881226053639859,0.1517956937890802
0.18922067225351957,0.76659217173419092,0.3213116970933334,0.35979564734988173,0.39936143039591321,0.24255982132928078
0.19237562896903115,0.8439838732066689,0.48935232293333336,0.5084190193076018,0.90000000000000013,0.17521224279478353
0.20775782842289242,0.18402150816379789,0.22464541634666668,0.28550525766283574,0.7226309067688379,0.30966541143830506
0.21161639696441642,0.60662348560666701,0.43600922720000002,0.44952033661947388,0.78148148148148155,0.26767895822930321
0.22898867702105558,0.82262499129475108,0.59068514240000003,0.42884821596514422,0.33805874840357603,0.23741876631125369
0.23096426959179256,0.7078921287030977,0.22384180792,0.85789728150160416,0.1367816091954023,0.14958142559090104
0.2331161190183309,0.60397639286518257,0.60400754373333332,0.43392231072190784,0.61800766283524911,0.21899671851802172
0.23312498698155315,0.65998491417127059,0.60666666666666669,0.537916620913796,0.34521072796934871,0.2080657317127188
0.24771045376460332,0.66534583045849738,0.54800696266666671,0.64732872475267977,0.28697318007662836,0.17375922003889144
0.25611360325780252,0.55335636727043547,0.20743747437333335,0.49453476692547393,0.72630906768837811,0.36170038596819698
0.2563244972707347,0.89998653187189981,0.56798770026666667,0.24744219606297252,0.69753767560664126,0.43188033543643711
0.25822521466433546,0.20136490133428694,0.23921743437333334,0.47137180418435687,0.5832694763729247,0.27109973842796253
0.26521963721719516,0.6647658433929694,0.35703576746666665,0.303799814310244,0.13408429118773948,0.38451721456718957
0.26736764587291595,0.50132157278920053,0.31617684362666665,0.44212244690076152,0.12121072796934867,0.27547364343943881
0.27912983910258327,0.71319811839717628,0.23609397943999999,0.26966480696462719,0.12758620689655173,0.43864847646879812
0.29997421727415596,0.44671097134350024,0.46263254106666668,0.67259144083877298,0.45453384418901666,0.25935966012998402
0.30334560547958955,0.33361325731067082,0.20062052266666669,0.24745830708923311,0.71431417624521076,0.55430407938498505
0.306546370712109,0.71619507795112525,0.24314764738666669,0.2474989454330794,0.1223550446998723,0.53199757723230379
0.32299816935248354,0.8199495271686621,0.37734155520000001,0.58422961126203132,0.88978288633461056,0.31453343126474587
0.3251098660258841,0.75594686280878187,0.32128898128,0.79483073530576842,0.38710089399744574,0.23217079624470238
0.33480827044049571,0.17400778612969789,0.33359843970666669,0.29523589456032573,0.838595146871009,0.50366402175146341
0.33610573226907065,0.41068426091550025,0.19335443352000004,0.27159386683672626,0.72205874840357609,0.58090285563183253
0.33716940091505326,0.87101840210448667,0.42497150480000007,0.26737946929939832,0.12035249042145593,0.53203437929602293
0.33774967037165188,0.32452481044965309,0.29290826522666669,0.55100632157071805,0.83307790549169869,0.32714717732940701
0.34597279392091751,0.18007776197660022,0.49197243760000003,0.85359997575413904,0.29106002554278421,0.26326935848775534
0.34807665105819302,0.78531747063064949,0.3666392882666667,0.54212689276363557,0.8908045977011495,0.32576437617980147
0.35644000495775635,0.3880143553414388,0.22214285714666668,0.6937468018021784,0.58224776500638575,0.33093597749560977
0.36574075563182018,0.89987170640032832,0.33116173120000003,0.37790391256188005,0.1109527458492976,0.53222564744825684
0.36687693622518586,0.12667818651507409,0.40666666666666668,0.71895831045689795,0.18173690932311626,0.33149817088521405
0.37021259991193872,0.62600959180334959,0.32344739856000004,0.52554503096001748,0.53819157088122616,0.42183361647058848
0.37952591281986042,0.88648511449907641,0.26333669325333331,0.24759304888237341,0.11865644955300128,0.6517803747279538
0.38673113325143876,0.19917517404236076,0.30072553285333337,0.46497454813539851,0.71280204342273312,0.42672116225085555
0.3881550911949983,0.26216406897730504,0.35829604693333333,0.24737452120582615,0.72136398467432949,0.608996536412722
0.38986555250143518,0.28667020481193306,0.29281159421333336,0.4044693088201381,0.83563218390804606,0.44486524784818093
0.39197742535123137,0.47332755949160177,0.10002807018666668,0.35270897818963282,0.86628352490421467,0.48520905261420222
0.39315396956604232,0.21416882923689121,0.27195797517333331,0.80693862540791206,0.83702171136653902,0.3386765781038007
0.39842865595073484,0.29983901584453243,0.19332803666666667,0.2473995006224031,0.71868710089399745,0.6862000418562153
0.39854919425233032,0.71377341236350089,0.22539300794666667,0.69871998248969835,0.53120306513409965,0.37228787488516035
0.40225933309378936,0.30503669227549091,0.43405997253333339,0.36178954991345924,0.82629374201788008,0.48892988300982942
0.40266855658693423,0.16841173197306045,0.49561764773333333,0.62362856812129919,0.84930268199233727,0.3276394614489796
0.40439438348449014,0.50913535390757958,0.21303539757333334,0.2473826212215299,0.71366028097062584,0.74051959762313191
0.41101522263196782,0.4732882753180826,0.3817753898666667,0.34361554412740775,0.83884035759897835,0.50088630295584224
0.41285416877768455,0.49999289587441154,0.54800000000000004,0.63054260161026665,0.67215836526181361,0.33090181000445629
0.41494404298461635,0.61994458370861538,0.20289947090666668,0.7273788541565771,0.53933588761174978,0.43336394996265104
0.4226520202744079,0.87624910515447563,0.19199040768,0.21035343237720999,0.7477650063856961,0.50184477605208677
0.42327727030254964,0.44648960478706445,0.28476860871999998,0.70295657822222468,0.5459157088122607,0.41576992403386037
0.42328282330730488,0.89324581215382381,0.21090668781333333,0.24739951620040893,0.72021966794380587,0.64937486970467773
0.42328301411281999,0.16635700834605341,0.19332809519999999,0.24739959303787021,0.72788250319284808,0.74528955980666733
0.42328339739574955,0.10000000000000001,0.34702359725333337,0.58745158200200853,0.74371902937420187,0.47272170456478102
0.42328540513790014,0.10286466492721422,0.61997686026666665,0.24741882349664704,0.83761430395913172,0.41421222279741621
0.42329032992646876,0.74040735297925353,0.19336367370666668,0.81763417013440143,0.54221711366538961,0.36273463861798194
0.42329289503807033,0.89994577790503905,0.19335778197333334,0.24744646405764939,0.69802809706257996,0.74397951743425328
0.42329302231140958,0.89840285301201517,0.19335748973333333,0.24744600265395739,0.70773435504469995,0.65878615101219584
0.42329314394208839,0.89994641280669829,0.43321527466666671,0.24738273106752245,0.71723627075351226,0.49541544302972595
0.42329319033729579,0.50973175855406505,0.24262830354666667,0.24736199295249889,0.72091443167305247,0.76286742000714214
0.4232934973398168,0.12563325331150774,0.27689115269333331,0.2474240484440127,0.74615070242656456,0.54392326649195011
0.42329355731920648,0.10000648167664131,0.19334352335999999,0.50453902223302283,0.75125925925925929,0.50631412303329359
0.42330353981234337,0.27644820250188051,0.54514314693333343,0.2474444822826897,0.83542784163473827,0.49486631926510383
0.42330353981234337,0.39852880972826976,0.59074763306666667,0.24742619071453534,0.83450830140485321,0.43395941652203029
0.42330353981234337,0.86497801411483466,0.33370592149333334,0.24738685393412868,0.71466155810983412,0.56190537058060341
0.42331396723969889,0.7938278196652222,0.19330938362666666,0.24737005023394337,0.71474329501915712,0.64902729947322446
0.42331413380267313,0.89999997600119719,0.38392423253333335,0.24739078910681586,0.70186973180076639,0.58447736978474296
0.42332127385790108,0.87201670830085409,0.19336048765333336,0.2474507359257764,0.85888633461047259,0.66288091884729972
0.42332374743301249,0.24931243465468497,0.19335138272000002,0.24743636058408588,0.74098084291187749,0.65427584539458206
0.42332375976327025,0.11186110091181625,0.19335139362666667,0.24743637780409777,0.74046998722860802,0.63253927418647393
0.42332410041276597,0.35678919177322899,0.20485578893333334,0.24737472620396253,0.72647254150702434,0.74266162548662273
0.44524580873801201,0.50960105360802421,0.19196581197333334,0.34047703049070877,0.65274584929757351,0.59685478984515838
0.45004571081277633,0.57867543294951107,0.16426072133333336,0.44694368254015715,0.71870753512132823,0.52578591777076311
0.45760194944197485,0.25599614095038747,0.17092452306666667,0.36491521102169311,0.73186717752235009,0.64851648833393849
0.45882133649600271,0.50611608639986616,0.17464640946666665,0.44659358567871926,0.71878927203065146,0.54426284268176295
0.46091390099800106,0.27122563771255581,0.13652617133333333,0.39986410976574432,0.72953767560664118,0.52142101779488215
0.46950942111308663,0.44239442215474833,0.16056280594666666,0.429740024422746,0.72081226053639857,0.56185353227724444
0.47681247085515316,0.32397383580341632,0.13144927893333336,0.41541648528554587,0.72551213282247773,0.55755441608728873
0.48850497158672995,0.39517880805359995,0.13864808776000001,0.42808465428271097,0.72275351213282257,0.55603049760428858
0.49706685036974435,0.52609427079220616,0.18156748144000001,0.50211997812260434,0.72077139208173702,0.57919625340858971
0.49833498018686273,0.45628111764009904,0.12424389000000001,0.45502358842775265,0.72367305236270763,0.57163271336994326
0.50712426695980506,0.4767868319816212,0.12293930610666667,0.45202868164839549,0.720403575989783,0.57552132783826604
0.5298690624190423,0.85408470396174407,0.10903575664000001,0.14042800203290262,0.69954022988505749,0.42304245003220076
0.53492493772034455,0.47680291997902102,0.11868858682666666,0.55851493975497246,0.72097573435504481,0.5268642190687487
0.53782737278286208,0.83571340820472972,0.14212629085333334,0.27229743378730542,0.70035759897828875,0.81591573032510767
0.56855353054538404,0.44183779792369215,0.16771734816,0.10009849072097243,0.7192388250319286,0.39324886345113741
0.57274106687547965,0.89707350466405611,0.15170401232,0.35560292913384939,0.69998978288633473,0.78453335852424533
0.57314045374870726,0.54557043622933465,0.16957506146666668,0.10004939074117319,0.72115964240102182,0.3984569718097597
0.57463021012774751,0.29945635813461124,0.20641358314666666,0.10003850150457436,0.72567560664112396,0.34683620592393605
0.5841864391461371,0.46855371418316638,0.77304347813333341,0.10225578008324783,0.29514687100893999,0.29940539460828608
0.58570266085618428,0.45255901559548883,0.19306387298666666,0.10006034005835132,0.72073052362707535,0.35540050923366762
0.58631094089677838,0.376504460748595,0.18854435746666667,0.10000000000000001,0.72310089399744581,0.38961781966258391
0.60013825669922016,0.43011690345723808,0.24668245120000001,0.1299821290795799,0.7241839080459771,0.3773932015093111
0.60053719968316632,0.3760083513652327,0.24613751640000001,0.10003949399195752,0.72154789272030662,0.3264403052429673
0.60094284740154302,0.79331159608531965,0.10000000000000001,0.35266465952085435,0.81519795657726701,0.80408171910583159
0.60096484604440747,0.20667419566350356,0.10002807018666668,0.35270897818963282,0.86628352490421467,0.68855702182201262
0.60096484604440747,0.47332755949160177,0.15336140351999999,0.35270897818963282,0.86628352490421467,0.84429828569311749
0.60471694454424363,0.30855281499602516,0.24345618346666667,0.41074985962794452,0.72733077905491705,0.72006440935868232
0.6082253693542119,0.29012045855188107,0.24907430592000002,0.40610773392116184,0.72808684546615587,0.72848880968436369
0.60867397945261026,0.34452321489991866,0.23147520834666668,0.40233063218555376,0.7269016602809707,0.7609749234908475
0.61201791695134844,0.31230191916021666,0.21197647136000003,0.11061472426385452,0.72013793103448287,0.40391955361908505
0.6122270180611985,0.34614937777368837,0.25548698800000003,0.40149557983449391,0.72745338441890173,0.71512024931478568
0.61223375790551582,0.31759381409079013,0.22852877066666669,0.41372384809264284,0.72688122605363992,0.73938642894909856
0.61495536555734154,0.21144622692910484,0.23254332930666666,0.10343387549049379,0.74061302681992347,0.28942870830376777
0.61765866005946679,0.33093699375779717,0.22427488912000001,0.39476220999475997,0.72802554278416354,0.76081707905985252
0.6180618325308328,0.38183183257595887,0.10000624266666668,0.10005820477687996,0.72489910600255436,0.34743938990718548
0.62225455133098684,0.29493037726068183,0.21623803906666667,0.21838049750057034,0.72708556832694771,0.77392810927398115
0.62624044384936506,0.31016211311114616,0.18745924192000002,0.10005612898654982,0.72498084291187748,0.38601176852704133
0.62790452583145195,0.32507699250232114,0.23943898282666667,0.39139402809168539,0.72708556832694771,0.7546155483151572
0.6291694464377382,0.30160452270002436,0.22109402381333335,0.3746034587758908,0.72745338441890173,0.7767316547833546
0.63147398123788523,0.34774551441207768,0.2429046296,0.40155020849067002,0.72677905491698602,0.74592809208208743
0.63376031490558937,0.31706939625301722,0.24183653735999999,0.44363605036697207,0.72688122605363992,0.71174993735917935
0.63479589397033143,0.32397704977641062,0.25840120514666665,0.39977763667632921,0.72761685823754796,0.74521478824588328
0.64088173556121819,0.29788499039388128,0.2493569866666667,0.39389582000088363,0.72731034482758627,0.75034421987090749
0.64274033154017818,0.49999289587441154,0.63333333333333341,0.31056194102245854,0.30434227330779057,0.64001156284996452
0.64274033154017818,0.63331957778846071,0.5,0.31056194102245854,0.50868454661558116,0.61819421159634458
0.64274033154017818,0.63331957778846071,0.63333333333333341,0.31056194102245854,0.30434227330779057,0.65303567044052313
0.64274033154017818,0.63331957778846071,0.76666666666666672,0.10004834853047948,0.2021711366538953,0.29321909532830781
0.64274033154017818,0.76664625970250988,0.5,0.31056194102245854,0.40651340996168583,0.69403797537436085
0.64274033154017818,0.76664625970250988,0.5,0.31056194102245854,0.50868454661558116,0.65351693947320255
0.64274033154017818,0.76664625970250988,0.5,0.31056194102245854,0.61085568326947648,0.6361223588286824
0.64274033154017818,0.76664625970250988,0.63333333333333341,0.10004834853047948,0.30434227330779057,0.21629337902306223
0.64274033154017818,0.84664226885093941,0.10000000000000001,0.35266465952085435,0.81519795657726701,0.87523370190949656
0.64276233018304263,0.31333554119474283,0.10002807018666668,0.35270897818963282,0.86628352490421467,0.75718043813394242
0.64276491828326054,0.52665823225722141,0.10003137256,0.35271419214818889,0.76411238825031935,0.80254394649248328
0.64357495728764091,0.32932020801621986,0.24001293162666668,0.36318284423001984,0.72788250319284808,0.79308260736736147
0.64502418682606033,0.40855594949298435,0.24402349197333334,0.19347974909529292,0.72606385696040876,0.7042254812329346
0.64584561794373008,0.45329826164921649,0.17492326944,0.1000025937379731,0.72299872286079192,0.44036637355791886
0.64630149119094715,0.35229430054829503,0.26347491421333336,0.42041510843534069,0.72747381864623251,0.7180813819558205
0.64878212109063194,0.33414623125492904,0.25786753250666666,0.38844482436059369,0.72639080459770122,0.76591272535028199
0.65276863262975016,0.2485355398125185,0.18375802602666669,0.10893053165530343,0.72628863346104733,0.44401664838711663
0.65483627015714541,0.34511846733721907,0.10002693602666667,0.11301938806446181,0.4014048531289911,0.42524845828736357
0.67349736907499436,0.27519602977044066,0.19010101010666669,0.70041610313522162,0.4014048531289911,0.56144525906432263
0.68453781567881344,0.41999688672598212,0.10000000000000001,0.35266465952085435,0.81519795657726701,0.82646156947097626
0.68455981432167778,0.63331957778846071,0.10002807018666668,0.35270897818963282,0.86628352490421467,0.85705904178560854
0.6845624024218957,0.26000486842912318,0.26003137255999997,0.26850875515139727,0.76411238825031935,0.90000000000000002
0.68872324875950719,0.37814079698150138,0.19736662826666668,0.1636006826708872,0.7295172413793104,0.58004696568960235
0.70251971195801965,0.36934614719682912,0.22290340592000002,0.30633258624176773,0.72520561941251604,0.87160047399662044
0.7263352998174486,0.31333554119474283,0.15333333333333332,0.35266465952085435,0.81519795657726701,0.8732279585126792
0.72635729846031305,0.47332755949160177,0.31336140352000003,0.26850354119284114,0.86628352490421467,0.75917172502758545
0.72636316473721196,0.15334352289788392,0.79336888880000012,0.60533710732888468,0.66194125159642403,0.37092031321572028
0.72776110186600829,0.22850488230463098,0.87470404986666672,0.38292352917968614,0.44227330779054919,0.45944570070578439
0.72906770271449028,0.76373039876936888,0.201362916,0.4154183944754189,0.54035759897828872,0.76922086362479647
0.73344313754465695,0.29787109135394507,0.84373983733333346,0.25288463967277292,0.27266922094508306,0.65941710234473716
0.73346431006024737,0.29788459868008976,0.84380062293333336,0.25291663016034238,0.22362707535121329,0.6311283124973921
0.73349055386458828,0.29790134131149781,0.84366925066666665,0.25284749097064663,0.29106002554278421,0.62631000797345404
0.73349792505990363,0.29782691835765351,0.84377843706666666,0.25290495410814023,0.23997445721583655,0.66527543450278992
0.74723404188676623,0.36666621396036247,0.5,0.31056194102245854,0.30434227330779057,0.70419153211314167
0.74723404188676623,0.36666621396036247,0.63333333333333341,0.31056194102245854,0.10000000000000001,0.73548856025188747
0.74723404188676623,0.36666621396036247,0.76666666666666672,0.31056194102245854,0.30434227330779057,0.57746299767218257
0.74723404188676623,0.36666621396036247,0.90000000000000002,0.10004834853047948,0.10000000000000001,0.43758110377442561
0.74723404188676623,0.49999289587441154,0.63333333333333341,0.31056194102245854,0.30434227330779057,0.62231297089302573
0.74723404188676623,0.49999289587441154,0.63333333333333341,0.31056194102245854,0.40651340996168583,0.58151819009762784
0.74723404188676623,0.49999289587441154,0.76666666666666672,0.10004834853047948,0.30434227330779057,0.2456459264934171
0.76813278395608386,0.41999688672598212,0.15333333333333332,0.35266465952085435,0.81519795657726701,0.8778769600638634
0.7681547825989482,0.20667419566350356,0.36669473680000003,0.26850354119284114,0.86628352490421467,0.66974921038829738
0.80829082635649419,0.860756725773697,0.201362916,0.4154183944754189,0.54035759897828872,0.81118027025209016
0.90000000000000013,0.83381673269299728,0.10001635992000001,0.10131401308721123,0.728352490421456,0.32180589427306761
