Prime Delay,Print Speed,X Offset Correction,Y Offset Correction,Score
0.10000000000000001,0.10000000000000001,0.16508638840000001,0.099999999999999978,0.2182895929631018
0.10000000000000001,0.10000000000000001,0.27507687159999999,0.099999999999999978,0.57310711986238849
0.10000000000000001,0.10000000000000001,0.34009136679999996,0.90000000000000002,0.30325685041572842
0.10000000000000001,0.10000000000000001,0.3466772736,0.48961879279999998,0.55188452499548879
0.10000000000000001,0.10000000000000001,0.39462343719999998,0.099999999999999978,0.47998737919745793
0.10000000000000001,0.10000000000000001,0.4091964984,0.41872783959999998,0.53226355481667276
0.10000000000000001,0.10000000000000001,0.43841873440000001,0.2464675824,0.54521664109405921
0.10000000000000001,0.10000000000000001,0.71967524760000001,0.099999999999999978,0.10000000000000001
0.10000000000000001,0.10000000000000001,0.90000000000000002,0.90000000000000002,0.10000000000000001
0.10000000000000001,0.13048871385858588,0.51639491199999998,0.57674437440000004,0.22174653968986141
0.10000000000000001,0.1727217230707071,0.50000221600000005,0.50001008000000002,0.41513054842832575
0.10000000000000001,0.17272727272727273,0.5,0.5,0.39004697031335256
0.10000000000000001,0.20103788832323233,0.099999999999999978,0.53270566600000002,0.10000000000000001
0.10000000000000001,0.21788494141414144,0.3600663328,0.36854185399999995,0.90000000000000002
0.10000000000000001,0.21862872202020203,0.36587369679999998,0.35367836959999999,0.86988689326452762
0.10000000000000001,0.2200755027878788,0.36514296879999997,0.35087573679999995,0.8876747506003424
0.10000000000000001,0.22086143070707073,0.37174247199999999,0.3276622508,0.85501014896177352
0.10000000000000001,0.22631519143434345,0.3440128804,0.277112358,0.87059758752611993
0.10000000000000001,0.22716390593939398,0.35083339159999999,0.31467010159999997,0.89663786945477508
0.10000000000000001,0.22848509462626265,0.3340840484,0.27443903599999997,0.84242095181351972
0.10000000000000001,0.23805876686868688,0.3349482768,0.39850771080000003,0.8687089516939317
0.10000000000000001,0.23956829098989901,0.36057555759999999,0.38973614000000001,0.87291930267396589
0.10000000000000001,0.24384756638383839,0.32215207599999995,0.45534258719999998,0.80110501425979852
0.10000000000000001,0.25507983870707074,0.3758689784,0.40557329040000001,0.84954327002644825
0.10000000000000001,0.27143434884848489,0.3794618844,0.41522395560000003,0.83273005470082195
0.10000000000000001,0.27986940945454547,0.38213946160000001,0.42197504879999997,0.81152368963076149
0.10000000000000001,0.28824334739393942,0.38556892599999998,0.43121420360000001,0.8172903927076961
0.10000000000000001,0.29567725058585859,0.3886368952,0.44105305319999999,0.80513000387593192
0.10000000000000001,0.30123743208080811,0.3905473988,0.4484708952,0.7809476065854537
0.10000000000000001,0.3378497422222223,0.41133421679999999,0.53430504560000003,0.72654874437963213
0.10000000000000001,0.34782689397979805,0.37395606400000003,0.36094951919999996,0.69079535614260446
0.10000000000000001,0.34868701818181824,0.39137073999999999,0.47445259719999999,0.73808471313300217
0.10000000000000001,0.34881023507070708,0.38034668119999998,0.46815512399999998,0.71863799972024955
0.10000000000000001,0.35029349252525255,0.38278527159999998,0.47690123159999998,0.7200499920452641
0.10000000000000001,0.35232482141414145,0.40220983360000001,0.47018828159999998,0.74736474012571696
0.10000000000000001,0.35627158496969702,0.41396096160000001,0.45721448879999999,0.76208516585891395
0.10000000000000001,0.35664908226262626,0.3820765028,0.53333380080000004,0.72138425218541702
0.10000000000000001,0.35819502012121218,0.41958011080000002,0.42450480239999999,0.7493618593367779
0.10000000000000001,0.35829272678787882,0.41047215319999997,0.46301764719999999,0.72797354970215133
0.10000000000000001,0.3596854266666667,0.41475875880000002,0.50987096679999999,0.72800002989699431
0.10000000000000001,0.36029896307070708,0.421625158,0.42518769000000001,0.73300734932181877
0.10000000000000001,0.36307954965656575,0.3933766044,0.32350925279999998,0.69463327599516955
0.10000000000000001,0.36534617414141413,0.37314517719999996,0.50316830400000001,0.68741614160070641
0.10000000000000001,0.3669828421818182,0.341567116,0.27225177639999998,0.68211754003260916
0.10000000000000001,0.3674900588282829,0.42719019320000001,0.40935873039999998,0.60837532259390603
0.10000000000000001,0.4211684488080808,0.37177848079999998,0.099999999999999978,0.49034540638023216
0.10000000000000001,0.44216046585858593,0.90000000000000002,0.099999999999999978,0.10000000000000001
0.10000000000000001,0.50162689810101013,0.59006037320000004,0.90000000000000002,0.10000000000000001
0.10000000000000001,0.60309163434343449,0.41090114999999999,0.90000000000000002,0.33613329361304112
0.10000000000000001,0.7398331374545456,0.40108780639999997,0.41399162680000001,0.41502633604862105
0.10000000000000001,0.76338871595959612,0.099999999999999978,0.52040206639999997,0.10000000000000001
0.10000000000000001,0.90000000000000013,0.31621797959999998,0.099999999999999978,0.31069095156793725
0.10000000000000001,0.90000000000000013,0.52786024040000001,0.099999999999999978,0.29233078034358057
0.10000000000000001,0.90000000000000013,0.60712192799999998,0.90000000000000002,0.10000000000000001
0.10000000000000001,0.90000000000000013,0.90000000000000002,0.099999999999999978,0.10000000000000001
0.10594080560000001,0.1641557418989899,0.48593826480000002,0.51917863200000003,0.45886387151126107
0.12549084832000001,0.15638176460606062,0.41984071239999998,0.5116538612,0.69751876303322091
0.19848560288,0.34435049527272732,0.40796404399999997,0.46147142480000003,0.65960339501723886
0.21877843776,0.23047352088888892,0.34787313720000002,0.3334011744,0.80877743716559425
0.25864116815999999,0.36458838157575757,0.39651021040000001,0.33978575680000001,0.6578010333682488
0.27256417488000001,0.39974044711111112,0.33755371439999998,0.38016519319999997,0.63354090389290896
0.31127458799999996,0.1627659958787879,0.099999999999999978,0.64629155839999997,0.10000000000000001
0.33232971440000003,0.47620285591919198,0.38943275560000001,0.099999999999999978,0.67837870736074679
0.37583546064000006,0.4254784332121212,0.3729744136,0.27686610879999995,0.67528564976311978
0.44214577968000002,0.10000000000000001,0.31412175200000003,0.099999999999999978,0.46546598202550005
0.45456932208,0.10000000000000001,0.35930848920000003,0.2484671316,0.57644789541177244
0.5,0.33434343434343439,0.54000000000000004,0.54000000000000004,0.10000000000000001
0.50946420784000002,0.31395743644444446,0.45061393039999997,0.099999999999999978,0.57693735191645079
0.51095086223999997,0.42550921309090906,0.27785722239999999,0.099999999999999978,0.57262620535604658
0.52658720768,0.36702002036363635,0.37066596239999999,0.099999999999999978,0.65958204002139775
0.60160261983999996,0.10000000000000001,0.3855520664,0.59680727040000003,0.29789332966027404
0.62323200032000003,0.44936839119191918,0.3502714428,0.099999999999999978,0.67194572841356948
0.65772134112000002,0.57038715741414148,0.41179850239999999,0.099999999999999978,0.62928698872135902
0.66894807071999995,0.62264447789899002,0.33628172839999998,0.099999999999999978,0.6875587929729251
0.67283358303999996,0.72694671507070718,0.34833606159999997,0.099999999999999978,0.66288693917776864
0.6927023539199999,0.90000000000000013,0.37332110119999995,0.099999999999999978,0.65068384035432214
0.70693821136000001,0.602740255919192,0.34355337720000001,0.099999999999999978,0.6511946518548416
0.71379271263999999,0.10000000000000001,0.29387377799999997,0.099999999999999978,0.61792783933355333
0.73706288192000002,0.86084096290909096,0.26861293480000004,0.099999999999999978,0.60435118717760639
0.76465756192000001,0.14856513438383839,0.099999999999999978,0.51172670720000002,0.10000000000000001
0.90000000000000002,0.10000000000000001,0.33069295199999998,0.099999999999999978,0.50470279718413025
0.90000000000000002,0.10000000000000001,0.40999444439999999,0.099999999999999978,0.56517929120633315
0.90000000000000002,0.10000000000000001,0.57861909239999998,0.099999999999999978,0.1489883604595168
0.90000000000000002,0.10000000000000001,0.90000000000000002,0.099999999999999978,0.1729016848023969
0.90000000000000002,0.23495889616161617,0.20639837239999997,0.099999999999999978,0.4397460250344617
0.90000000000000002,0.40201926052525261,0.90000000000000002,0.90000000000000002,0.10000000000000001
0.90000000000000002,0.45925317438383839,0.3183757076,0.099999999999999978,0.64532886159720426
0.90000000000000002,0.49595959595959604,0.45999999999999996,0.45999999999999996,0.28670758283869824
0.90000000000000002,0.5041062269090909,0.37079216159999995,0.099999999999999978,0.65141161861258734
0.90000000000000002,0.6142480792727274,0.31127690359999999,0.27441204799999996,0.55112172454404418
0.90000000000000002,0.68677357785858595,0.38390086080000002,0.099999999999999978,0.59674795445833595
0.90000000000000002,0.69163867531313139,0.312118432,0.099999999999999978,0.63442927171989938
0.90000000000000002,0.78389585850505061,0.35715356040000001,0.099999999999999978,0.66863570405819672
0.90000000000000002,0.90000000000000013,0.099999999999999978,0.099999999999999978,0.10000000000000001
0.90000000000000002,0.90000000000000013,0.24747139439999999,0.90000000000000002,0.10000000000000001
0.90000000000000002,0.90000000000000013,0.31849974039999995,0.099999999999999978,0.65468662077478068
0.90000000000000002,0.90000000000000013,0.34297431239999998,0.099999999999999978,0.64815370044706688
0.90000000000000002,0.90000000000000013,0.48785027199999997,0.099999999999999978,0.43692118618459908
0.90000000000000002,0.90000000000000013,0.90000000000000002,0.099999999999999978,0.10000000000000001
0.90000000000000002,0.90000000000000013,0.90000000000000002,0.90000000000000002,0.10000000000000001
