n,theta,r,t,toughness
0.099999999999999978,0.10000000000000001,0.10000000000000009,0.099999999999999978,0.11213906783295804
0.099999999999999978,0.10000000000000001,0.10000000000000009,0.50000000000000011,0.11682446290926594
0.099999999999999978,0.10000000000000001,0.10000000000000009,0.90000000000000002,0.11573549249912891
0.099999999999999978,0.10000000000000001,0.26000000000000001,0.099999999999999978,0.14614339053676667
0.099999999999999978,0.10000000000000001,0.26000000000000001,0.50000000000000011,0.1477695955338901
0.099999999999999978,0.10000000000000001,0.26000000000000001,0.90000000000000002,0.13631612349995825
0.099999999999999978,0.10000000000000001,0.41999999999999993,0.099999999999999978,0.16643490912351364
0.099999999999999978,0.10000000000000001,0.41999999999999993,0.50000000000000011,0.17533584419068182
0.099999999999999978,0.10000000000000001,0.41999999999999993,0.90000000000000002,0.18744546041225701
0.099999999999999978,0.10000000000000001,0.58000000000000007,0.099999999999999978,0.32747975098338955
0.099999999999999978,0.10000000000000001,0.58000000000000007,0.50000000000000011,0.22820104900834276
0.099999999999999978,0.10000000000000001,0.58000000000000007,0.90000000000000002,0.19060433962578302
0.099999999999999978,0.10000000000000001,0.73999999999999977,0.099999999999999978,0.37731601203480364
0.099999999999999978,0.10000000000000001,0.73999999999999977,0.50000000000000011,0.48324663463042083
0.099999999999999978,0.10000000000000001,0.73999999999999977,0.90000000000000002,0.12778715961230908
0.099999999999999978,0.10000000000000001,0.89999999999999991,0.099999999999999978,0.56797443826386973
0.099999999999999978,0.10000000000000001,0.89999999999999991,0.50000000000000011,0.49187134687425277
0.099999999999999978,0.10000000000000001,0.89999999999999991,0.90000000000000002,0.32241330666757018
0.099999999999999978,0.20000000000000001,0.18000000000000016,0.099999999999999978,0.1205827435591732
0.099999999999999978,0.20000000000000001,0.18000000000000016,0.50000000000000011,0.12371301377603082
0.099999999999999978,0.20000000000000001,0.18000000000000016,0.90000000000000002,0.12432303991957346
0.099999999999999978,0.20000000000000001,0.34000000000000008,0.099999999999999978,0.13044469736111858
0.099999999999999978,0.20000000000000001,0.34000000000000008,0.50000000000000011,0.15179043277950574
0.099999999999999978,0.20000000000000001,0.34000000000000008,0.90000000000000002,0.14073237719117193
0.099999999999999978,0.20000000000000001,0.5,0.099999999999999978,0.16864408387861535
0.099999999999999978,0.20000000000000001,0.5,0.50000000000000011,0.16421871127301324
0.099999999999999978,0.20000000000000001,0.5,0.90000000000000002,0.18985710572198483
0.099999999999999978,0.20000000000000001,0.66000000000000014,0.099999999999999978,0.24092621207581744
0.099999999999999978,0.20000000000000001,0.66000000000000014,0.50000000000000011,0.26278566562243744
0.099999999999999978,0.20000000000000001,0.66000000000000014,0.90000000000000002,0.20900812558577597
0.099999999999999978,0.20000000000000001,0.81999999999999984,0.099999999999999978,0.3392265238137086
0.099999999999999978,0.20000000000000001,0.81999999999999984,0.50000000000000011,0.38711205516311009
0.099999999999999978,0.20000000000000001,0.81999999999999984,0.90000000000000002,0.25988005087681199
0.099999999999999978,0.30000000000000004,0.10000000000000009,0.099999999999999978,0.10401487947613103
0.099999999999999978,0.30000000000000004,0.10000000000000009,0.50000000000000011,0.10612389743218339
0.099999999999999978,0.30000000000000004,0.10000000000000009,0.90000000000000002,0.10369320556103029
0.099999999999999978,0.30000000000000004,0.26000000000000001,0.099999999999999978,0.11070017056085843
0.099999999999999978,0.30000000000000004,0.26000000000000001,0.50000000000000011,0.12086411495836517
0.099999999999999978,0.30000000000000004,0.26000000000000001,0.90000000000000002,0.1132210911806661
0.099999999999999978,0.30000000000000004,0.41999999999999993,0.099999999999999978,0.12230132276577758
0.099999999999999978,0.30000000000000004,0.41999999999999993,0.50000000000000011,0.12746266821326036
0.099999999999999978,0.30000000000000004,0.41999999999999993,0.90000000000000002,0.13594690656362615
0.099999999999999978,0.30000000000000004,0.58000000000000007,0.099999999999999978,0.22728758634630705
0.099999999999999978,0.30000000000000004,0.58000000000000007,0.50000000000000011,0.15473857262966467
0.099999999999999978,0.30000000000000004,0.58000000000000007,0.90000000000000002,0.16551794191491981
0.099999999999999978,0.30000000000000004,0.73999999999999977,0.099999999999999978,0.1732246865648705
0.099999999999999978,0.30000000000000004,0.73999999999999977,0.50000000000000011,0.2115366175796535
0.099999999999999978,0.30000000000000004,0.73999999999999977,0.90000000000000002,0.2855931232145078
0.099999999999999978,0.30000000000000004,0.89999999999999991,0.099999999999999978,0.21120119716869695
0.099999999999999978,0.30000000000000004,0.89999999999999991,0.50000000000000011,0.4984975251053364
0.099999999999999978,0.30000000000000004,0.89999999999999991,0.90000000000000002,0.32117554123394032
0.099999999999999978,0.40000000000000002,0.18000000000000016,0.099999999999999978,0.10000000000000001
0.099999999999999978,0.40000000000000002,0.18000000000000016,0.50000000000000011,0.10617233302688991
0.099999999999999978,0.40000000000000002,0.18000000000000016,0.90000000000000002,0.11601440142697331
0.099999999999999978,0.40000000000000002,0.34000000000000008,0.099999999999999978,0.10536568910989906
0.099999999999999978,0.40000000000000002,0.34000000000000008,0.50000000000000011,0.10438660163975122
0.099999999999999978,0.40000000000000002,0.34000000000000008,0.90000000000000002,0.11670030671677645
0.099999999999999978,0.40000000000000002,0.5,0.099999999999999978,0.11161500760741591
0.099999999999999978,0.40000000000000002,0.5,0.50000000000000011,0.12778534216791315
0.099999999999999978,0.40000000000000002,0.5,0.90000000000000002,0.21654548465427748
0.099999999999999978,0.40000000000000002,0.66000000000000014,0.099999999999999978,0.1412587713321273
0.099999999999999978,0.40000000000000002,0.66000000000000014,0.50000000000000011,0.21518290336507587
0.099999999999999978,0.40000000000000002,0.66000000000000014,0.90000000000000002,0.26812092857938497
0.099999999999999978,0.40000000000000002,0.81999999999999984,0.099999999999999978,0.14276909911588428
0.099999999999999978,0.40000000000000002,0.81999999999999984,0.50000000000000011,0.26704062396862527
0.099999999999999978,0.40000000000000002,0.81999999999999984,0.90000000000000002,0.39860648793546888
0.099999999999999978,0.5,0.10000000000000009,0.099999999999999978,0.11615333610658093
0.099999999999999978,0.5,0.10000000000000009,0.50000000000000011,0.11979972152141186
0.099999999999999978,0.5,0.10000000000000009,0.90000000000000002,0.12110584889244008
0.099999999999999978,0.5,0.26000000000000001,0.099999999999999978,0.13143980978082018
0.099999999999999978,0.5,0.26000000000000001,0.50000000000000011,0.13190620878028375
0.099999999999999978,0.5,0.26000000000000001,0.90000000000000002,0.17103792664039463
0.099999999999999978,0.5,0.41999999999999993,0.099999999999999978,0.12211341337477954
0.099999999999999978,0.5,0.41999999999999993,0.50000000000000011,0.18965525118135074
0.099999999999999978,0.5,0.41999999999999993,0.90000000000000002,0.32986138741394383
0.099999999999999978,0.5,0.58000000000000007,0.099999999999999978,0.27393821924380679
0.099999999999999978,0.5,0.58000000000000007,0.50000000000000011,0.3393772243864937
0.099999999999999978,0.5,0.58000000000000007,0.90000000000000002,0.36257488810573196
0.099999999999999978,0.5,0.73999999999999977,0.099999999999999978,0.40728516192169623
0.099999999999999978,0.5,0.73999999999999977,0.50000000000000011,0.37751520317421872
0.099999999999999978,0.5,0.73999999999999977,0.90000000000000002,0.37054473227116402
0.099999999999999978,0.5,0.89999999999999991,0.099999999999999978,0.4600618447709694
0.099999999999999978,0.5,0.89999999999999991,0.50000000000000011,0.43117345727727513
0.099999999999999978,0.5,0.89999999999999991,0.90000000000000002,0.46582964736460181
0.099999999999999978,0.59999999999999998,0.18000000000000016,0.099999999999999978,0.11608016928309398
0.099999999999999978,0.59999999999999998,0.18000000000000016,0.50000000000000011,0.18629727106534072
0.099999999999999978,0.59999999999999998,0.18000000000000016,0.90000000000000002,0.18550420895892536
0.099999999999999978,0.59999999999999998,0.34000000000000008,0.099999999999999978,0.17854447506940407
0.099999999999999978,0.59999999999999998,0.34000000000000008,0.50000000000000011,0.37144058827314841
0.099999999999999978,0.59999999999999998,0.34000000000000008,0.90000000000000002,0.25996056809184609
0.099999999999999978,0.59999999999999998,0.5,0.099999999999999978,0.11540558434882398
0.099999999999999978,0.59999999999999998,0.5,0.50000000000000011,0.40342432918929855
0.099999999999999978,0.59999999999999998,0.5,0.90000000000000002,0.39019014492381093
0.099999999999999978,0.59999999999999998,0.66000000000000014,0.099999999999999978,0.42643579470593163
0.099999999999999978,0.59999999999999998,0.66000000000000014,0.50000000000000011,0.38847524800055511
0.099999999999999978,0.59999999999999998,0.66000000000000014,0.90000000000000002,0.46457286086753002
0.099999999999999978,0.59999999999999998,0.81999999999999984,0.099999999999999978,0.48802042349372871
0.099999999999999978,0.59999999999999998,0.81999999999999984,0.50000000000000011,0.40938539952471925
0.099999999999999978,0.59999999999999998,0.81999999999999984,0.90000000000000002,0.40368840094144609
0.099999999999999978,0.69999999999999996,0.10000000000000009,0.099999999999999978,0.10650351875581358
0.099999999999999978,0.69999999999999996,0.10000000000000009,0.50000000000000011,0.10738652524354332
0.099999999999999978,0.69999999999999996,0.10000000000000009,0.90000000000000002,0.30771135997221821
0.099999999999999978,0.69999999999999996,0.26000000000000001,0.099999999999999978,0.17903308442583457
0.099999999999999978,0.69999999999999996,0.26000000000000001,0.50000000000000011,0.2745714437407531
0.099999999999999978,0.69999999999999996,0.26000000000000001,0.90000000000000002,0.4076498115497601
0.099999999999999978,0.69999999999999996,0.41999999999999993,0.099999999999999978,0.10793459218059089
0.099999999999999978,0.69999999999999996,0.41999999999999993,0.50000000000000011,0.36544296915714358
0.099999999999999978,0.69999999999999996,0.41999999999999993,0.90000000000000002,0.3954000511222035
0.099999999999999978,0.69999999999999996,0.58000000000000007,0.099999999999999978,0.35452300946560322
0.099999999999999978,0.69999999999999996,0.58000000000000007,0.50000000000000011,0.39626841666786899
0.099999999999999978,0.69999999999999996,0.58000000000000007,0.90000000000000002,0.36877490255010908
0.099999999999999978,0.69999999999999996,0.73999999999999977,0.099999999999999978,0.38008277023701459
0.099999999999999978,0.69999999999999996,0.73999999999999977,0.50000000000000011,0.41366091895492341
0.099999999999999978,0.69999999999999996,0.73999999999999977,0.90000000000000002,0.3713974827365546
0.099999999999999978,0.69999999999999996,0.89999999999999991,0.099999999999999978,0.43306013979047125
0.099999999999999978,0.69999999999999996,0.89999999999999991,0.50000000000000011,0.42126498397484419
0.099999999999999978,0.69999999999999996,0.89999999999999991,0.90000000000000002,0.40743640967832379
0.099999999999999978,0.80000000000000004,0.18000000000000016,0.099999999999999978,0.35048653509908301
0.099999999999999978,0.80000000000000004,0.18000000000000016,0.50000000000000011,0.45763200773051382
0.099999999999999978,0.80000000000000004,0.18000000000000016,0.90000000000000002,0.32081649583213595
0.099999999999999978,0.80000000000000004,0.34000000000000008,0.099999999999999978,0.36983428976774441
0.099999999999999978,0.80000000000000004,0.34000000000000008,0.50000000000000011,0.39569400288066614
0.099999999999999978,0.80000000000000004,0.34000000000000008,0.90000000000000002,0.50402201528125978
0.099999999999999978,0.80000000000000004,0.5,0.099999999999999978,0.40200143050443082
0.099999999999999978,0.80000000000000004,0.5,0.50000000000000011,0.39196391683477733
0.099999999999999978,0.80000000000000004,0.5,0.90000000000000002,0.41100252519415392
0.099999999999999978,0.80000000000000004,0.66000000000000014,0.099999999999999978,0.43855562928036562
0.099999999999999978,0.80000000000000004,0.66000000000000014,0.50000000000000011,0.41574143131799368
0.099999999999999978,0.80000000000000004,0.66000000000000014,0.90000000000000002,0.33608195006369473
0.099999999999999978,0.80000000000000004,0.81999999999999984,0.099999999999999978,0.47492047559468742
0.099999999999999978,0.80000000000000004,0.81999999999999984,0.50000000000000011,0.39745803686687892
0.099999999999999978,0.80000000000000004,0.81999999999999984,0.90000000000000002,0.36436020780848111
0.099999999999999978,0.90000000000000002,0.10000000000000009,0.099999999999999978,0.34769724754140546
0.099999999999999978,0.90000000000000002,0.10000000000000009,0.50000000000000011,0.3631146883660733
0.099999999999999978,0.90000000000000002,0.10000000000000009,0.90000000000000002,0.42638466344137171
0.099999999999999978,0.90000000000000002,0.26000000000000001,0.099999999999999978,0.37547869047702659
0.099999999999999978,0.90000000000000002,0.26000000000000001,0.50000000000000011,0.5129465510801775
0.099999999999999978,0.90000000000000002,0.26000000000000001,0.90000000000000002,0.38072676502452352
0.099999999999999978,0.90000000000000002,0.41999999999999993,0.099999999999999978,0.3754842318082604
0.099999999999999978,0.90000000000000002,0.41999999999999993,0.50000000000000011,0.45859871608818642
0.099999999999999978,0.90000000000000002,0.41999999999999993,0.90000000000000002,0.5030687196119451
0.099999999999999978,0.90000000000000002,0.58000000000000007,0.099999999999999978,0.45173095803456825
0.099999999999999978,0.90000000000000002,0.58000000000000007,0.50000000000000011,0.43791759298262334
0.099999999999999978,0.90000000000000002,0.58000000000000007,0.90000000000000002,0.40135403993294838
0.099999999999999978,0.90000000000000002,0.73999999999999977,0.099999999999999978,0.4910598225279954
0.099999999999999978,0.90000000000000002,0.73999999999999977,0.50000000000000011,0.45958249484154323
0.099999999999999978,0.90000000000000002,0.73999999999999977,0.90000000000000002,0.45590292516986225
0.099999999999999978,0.90000000000000002,0.89999999999999991,0.099999999999999978,0.5317583947808977
0.099999999999999978,0.90000000000000002,0.89999999999999991,0.50000000000000011,0.4842383726729303
0.099999999999999978,0.90000000000000002,0.89999999999999991,0.90000000000000002,0.45498911271006792
0.36666666666666659,0.10000000000000001,0.10000000000000009,0.099999999999999978,0.12656855218213814
0.36666666666666659,0.10000000000000001,0.10000000000000009,0.50000000000000011,0.12444518076298008
0.36666666666666659,0.10000000000000001,0.10000000000000009,0.90000000000000002,0.12591054707387633
0.36666666666666659,0.10000000000000001,0.26000000000000001,0.099999999999999978,0.14754537073368137
0.36666666666666659,0.10000000000000001,0.26000000000000001,0.50000000000000011,0.14608129375640641
0.36666666666666659,0.10000000000000001,0.26000000000000001,0.90000000000000002,0.15634714592973395
0.36666666666666659,0.10000000000000001,0.41999999999999993,0.099999999999999978,0.23469963769305321
0.36666666666666659,0.10000000000000001,0.41999999999999993,0.50000000000000011,0.22735635495493206
0.36666666666666659,0.10000000000000001,0.41999999999999993,0.90000000000000002,0.19343493596215794
0.36666666666666659,0.10000000000000001,0.58000000000000007,0.099999999999999978,0.43495435766363633
0.36666666666666659,0.10000000000000001,0.58000000000000007,0.50000000000000011,0.37361933151640048
0.36666666666666659,0.10000000000000001,0.58000000000000007,0.90000000000000002,0.12272488901385267
0.36666666666666659,0.10000000000000001,0.73999999999999977,0.099999999999999978,0.39354238931887653
0.36666666666666659,0.10000000000000001,0.73999999999999977,0.50000000000000011,0.1245370989475106
0.36666666666666659,0.10000000000000001,0.73999999999999977,0.90000000000000002,0.12033372561474187
0.36666666666666659,0.10000000000000001,0.89999999999999991,0.099999999999999978,0.617711639736236
0.36666666666666659,0.10000000000000001,0.89999999999999991,0.50000000000000011,0.12518744114826391
0.36666666666666659,0.10000000000000001,0.89999999999999991,0.90000000000000002,0.11574026088132491
0.36666666666666659,0.20000000000000001,0.18000000000000016,0.099999999999999978,0.18085724026555156
0.36666666666666659,0.20000000000000001,0.18000000000000016,0.50000000000000011,0.19692327505127294
0.36666666666666659,0.20000000000000001,0.18000000000000016,0.90000000000000002,0.17810984572172092
0.36666666666666659,0.20000000000000001,0.34000000000000008,0.099999999999999978,0.22384029673436351
0.36666666666666659,0.20000000000000001,0.34000000000000008,0.50000000000000011,0.23805950506319226
0.36666666666666659,0.20000000000000001,0.34000000000000008,0.90000000000000002,0.28868457048996427
0.36666666666666659,0.20000000000000001,0.5,0.099999999999999978,0.25326525382187509
0.36666666666666659,0.20000000000000001,0.5,0.50000000000000011,0.31764292283665702
0.36666666666666659,0.20000000000000001,0.5,0.90000000000000002,0.32238483034684928
0.36666666666666659,0.20000000000000001,0.66000000000000014,0.099999999999999978,0.32418191300402532
0.36666666666666659,0.20000000000000001,0.66000000000000014,0.50000000000000011,0.5259628471544705
0.36666666666666659,0.20000000000000001,0.66000000000000014,0.90000000000000002,0.50775758146322214
0.36666666666666659,0.20000000000000001,0.81999999999999984,0.099999999999999978,0.42141530590977866
0.36666666666666659,0.20000000000000001,0.81999999999999984,0.50000000000000011,0.6731603845330737
0.36666666666666659,0.20000000000000001,0.81999999999999984,0.90000000000000002,0.31473448343307464
0.36666666666666659,0.30000000000000004,0.10000000000000009,0.099999999999999978,0.10471012699655909
0.36666666666666659,0.30000000000000004,0.10000000000000009,0.50000000000000011,0.10487939122489413
0.36666666666666659,0.30000000000000004,0.10000000000000009,0.90000000000000002,0.10791511131792077
0.36666666666666659,0.30000000000000004,0.26000000000000001,0.099999999999999978,0.11626221713428485
0.36666666666666659,0.30000000000000004,0.26000000000000001,0.50000000000000011,0.11857776094796271
0.36666666666666659,0.30000000000000004,0.26000000000000001,0.90000000000000002,0.12782388134701106
0.36666666666666659,0.30000000000000004,0.41999999999999993,0.099999999999999978,0.13012659791755415
0.36666666666666659,0.30000000000000004,0.41999999999999993,0.50000000000000011,0.12606321174047594
0.36666666666666659,0.30000000000000004,0.41999999999999993,0.90000000000000002,0.14864901049380536
0.36666666666666659,0.30000000000000004,0.58000000000000007,0.099999999999999978,0.15525737606418089
0.36666666666666659,0.30000000000000004,0.58000000000000007,0.50000000000000011,0.18685425108898762
0.36666666666666659,0.30000000000000004,0.58000000000000007,0.90000000000000002,0.17046544018381221
0.36666666666666659,0.30000000000000004,0.73999999999999977,0.099999999999999978,0.18088894151935164
0.36666666666666659,0.30000000000000004,0.73999999999999977,0.50000000000000011,0.27648993837355734
0.36666666666666659,0.30000000000000004,0.73999999999999977,0.90000000000000002,0.26709562291712485
0.36666666666666659,0.30000000000000004,0.89999999999999991,0.099999999999999978,0.2212063190357752
0.36666666666666659,0.30000000000000004,0.89999999999999991,0.50000000000000011,0.48226125846441864
0.36666666666666659,0.30000000000000004,0.89999999999999991,0.90000000000000002,0.12523123573544626
0.36666666666666659,0.40000000000000002,0.18000000000000016,0.099999999999999978,0.12439523514024237
0.36666666666666659,0.40000000000000002,0.18000000000000016,0.50000000000000011,0.12419104898909752
0.36666666666666659,0.40000000000000002,0.18000000000000016,0.90000000000000002,0.12644101230641291
0.36666666666666659,0.40000000000000002,0.34000000000000008,0.099999999999999978,0.13567404598793281
0.36666666666666659,0.40000000000000002,0.34000000000000008,0.50000000000000011,0.26558800454620202
0.36666666666666659,0.40000000000000002,0.34000000000000008,0.90000000000000002,0.15386926861415387
0.36666666666666659,0.40000000000000002,0.5,0.099999999999999978,0.26118597391823772
0.36666666666666659,0.40000000000000002,0.5,0.50000000000000011,0.1964339161117532
0.36666666666666659,0.40000000000000002,0.5,0.90000000000000002,0.3118231656096857
0.36666666666666659,0.40000000000000002,0.66000000000000014,0.099999999999999978,0.43765191655738755
0.36666666666666659,0.40000000000000002,0.66000000000000014,0.50000000000000011,0.36236769584318451
0.36666666666666659,0.40000000000000002,0.66000000000000014,0.90000000000000002,0.51755332688456535
0.36666666666666659,0.40000000000000002,0.81999999999999984,0.099999999999999978,0.40122802143689884
0.36666666666666659,0.40000000000000002,0.81999999999999984,0.50000000000000011,0.51813423421582838
0.36666666666666659,0.40000000000000002,0.81999999999999984,0.90000000000000002,0.55913455317680116
0.36666666666666659,0.5,0.10000000000000009,0.099999999999999978,0.11285450877664975
0.36666666666666659,0.5,0.10000000000000009,0.50000000000000011,0.11576764695437397
0.36666666666666659,0.5,0.10000000000000009,0.90000000000000002,0.18335006311605506
0.36666666666666659,0.5,0.26000000000000001,0.099999999999999978,0.11886130659045044
0.36666666666666659,0.5,0.26000000000000001,0.50000000000000011,0.28804722520197756
0.36666666666666659,0.5,0.26000000000000001,0.90000000000000002,0.13389859273706031
0.36666666666666659,0.5,0.41999999999999993,0.099999999999999978,0.39039790387543782
0.36666666666666659,0.5,0.41999999999999993,0.50000000000000011,0.45210485291448632
0.36666666666666659,0.5,0.41999999999999993,0.90000000000000002,0.26449102848956163
0.36666666666666659,0.5,0.58000000000000007,0.099999999999999978,0.46817048526423938
0.36666666666666659,0.5,0.58000000000000007,0.50000000000000011,0.55115539835790783
0.36666666666666659,0.5,0.58000000000000007,0.90000000000000002,0.33111390330131574
0.36666666666666659,0.5,0.73999999999999977,0.099999999999999978,0.49279419518551332
0.36666666666666659,0.5,0.73999999999999977,0.50000000000000011,0.64800400116746748
0.36666666666666659,0.5,0.73999999999999977,0.90000000000000002,0.48434246201011211
0.36666666666666659,0.5,0.89999999999999991,0.099999999999999978,0.46615600377547095
0.36666666666666659,0.5,0.89999999999999991,0.50000000000000011,0.63651223637732124
0.36666666666666659,0.5,0.89999999999999991,0.90000000000000002,0.72576064530825368
0.36666666666666659,0.59999999999999998,0.18000000000000016,0.099999999999999978,0.11339335535478963
0.36666666666666659,0.59999999999999998,0.18000000000000016,0.50000000000000011,0.20995701949644119
0.36666666666666659,0.59999999999999998,0.18000000000000016,0.90000000000000002,0.20939271734511355
0.36666666666666659,0.59999999999999998,0.34000000000000008,0.099999999999999978,0.39675889685599852
0.36666666666666659,0.59999999999999998,0.34000000000000008,0.50000000000000011,0.31028194285581823
0.36666666666666659,0.59999999999999998,0.34000000000000008,0.90000000000000002,0.29491951452095178
0.36666666666666659,0.59999999999999998,0.5,0.099999999999999978,0.32946864125546088
0.36666666666666659,0.59999999999999998,0.5,0.50000000000000011,0.42474687247751869
0.36666666666666659,0.59999999999999998,0.5,0.90000000000000002,0.38344872381732742
0.36666666666666659,0.59999999999999998,0.66000000000000014,0.099999999999999978,0.47852187282860031
0.36666666666666659,0.59999999999999998,0.66000000000000014,0.50000000000000011,0.50293025219368737
0.36666666666666659,0.59999999999999998,0.66000000000000014,0.90000000000000002,0.42337653259854546
0.36666666666666659,0.59999999999999998,0.81999999999999984,0.099999999999999978,0.53744109075297564
0.36666666666666659,0.59999999999999998,0.81999999999999984,0.50000000000000011,0.50348928709549434
0.36666666666666659,0.59999999999999998,0.81999999999999984,0.90000000000000002,0.490872814382668
0.36666666666666659,0.69999999999999996,0.10000000000000009,0.099999999999999978,0.35349264367811906
0.36666666666666659,0.69999999999999996,0.10000000000000009,0.50000000000000011,0.36365655727636675
0.36666666666666659,0.69999999999999996,0.10000000000000009,0.90000000000000002,0.28122255055788969
0.36666666666666659,0.69999999999999996,0.26000000000000001,0.099999999999999978,0.37684563396698934
0.36666666666666659,0.69999999999999996,0.26000000000000001,0.50000000000000011,0.39367935316282987
0.36666666666666659,0.69999999999999996,0.26000000000000001,0.90000000000000002,0.52190496617928006
0.36666666666666659,0.69999999999999996,0.41999999999999993,0.099999999999999978,0.48084133788638866
0.36666666666666659,0.69999999999999996,0.41999999999999993,0.50000000000000011,0.40814764910176665
0.36666666666666659,0.69999999999999996,0.41999999999999993,0.90000000000000002,0.45302315566999563
0.36666666666666659,0.69999999999999996,0.58000000000000007,0.099999999999999978,0.50469669912465631
0.36666666666666659,0.69999999999999996,0.58000000000000007,0.50000000000000011,0.56152916554550969
0.36666666666666659,0.69999999999999996,0.58000000000000007,0.90000000000000002,0.50592932142776248
0.36666666666666659,0.69999999999999996,0.73999999999999977,0.099999999999999978,0.58309422865310756
0.36666666666666659,0.69999999999999996,0.73999999999999977,0.50000000000000011,0.53522896108411722
0.36666666666666659,0.69999999999999996,0.73999999999999977,0.90000000000000002,0.50149319097807099
0.36666666666666659,0.69999999999999996,0.89999999999999991,0.099999999999999978,0.57582676167642943
0.36666666666666659,0.69999999999999996,0.89999999999999991,0.50000000000000011,0.56444448972153216
0.36666666666666659,0.69999999999999996,0.89999999999999991,0.90000000000000002,0.48501517464330784
0.36666666666666659,0.80000000000000004,0.18000000000000016,0.099999999999999978,0.31345259294687317
0.36666666666666659,0.80000000000000004,0.18000000000000016,0.50000000000000011,0.37329742581454672
0.36666666666666659,0.80000000000000004,0.18000000000000016,0.90000000000000002,0.36861499360390909
0.36666666666666659,0.80000000000000004,0.34000000000000008,0.099999999999999978,0.36313568576812405
0.36666666666666659,0.80000000000000004,0.34000000000000008,0.50000000000000011,0.47933655264393921
0.36666666666666659,0.80000000000000004,0.34000000000000008,0.90000000000000002,0.43342564880141493
0.36666666666666659,0.80000000000000004,0.5,0.099999999999999978,0.443679356501337
0.36666666666666659,0.80000000000000004,0.5,0.50000000000000011,0.57220539390332004
0.36666666666666659,0.80000000000000004,0.5,0.90000000000000002,0.60767779696947533
0.36666666666666659,0.80000000000000004,0.66000000000000014,0.099999999999999978,0.48905228170555171
0.36666666666666659,0.80000000000000004,0.66000000000000014,0.50000000000000011,0.55049655559047184
0.36666666666666659,0.80000000000000004,0.66000000000000014,0.90000000000000002,0.45443329216760031
0.36666666666666659,0.80000000000000004,0.81999999999999984,0.099999999999999978,0.52833287543360896
0.36666666666666659,0.80000000000000004,0.81999999999999984,0.50000000000000011,0.54964539320287176
0.36666666666666659,0.80000000000000004,0.81999999999999984,0.90000000000000002,0.46672629780883951
0.36666666666666659,0.90000000000000002,0.10000000000000009,0.099999999999999978,0.42368019283663294
0.36666666666666659,0.90000000000000002,0.10000000000000009,0.50000000000000011,0.34760974232311259
0.36666666666666659,0.90000000000000002,0.10000000000000009,0.90000000000000002,0.3979431661663399
0.36666666666666659,0.90000000000000002,0.26000000000000001,0.099999999999999978,0.47105193014007696
0.36666666666666659,0.90000000000000002,0.26000000000000001,0.50000000000000011,0.38827393516962022
0.36666666666666659,0.90000000000000002,0.26000000000000001,0.90000000000000002,0.48569089459797987
0.36666666666666659,0.90000000000000002,0.41999999999999993,0.099999999999999978,0.48265605396929567
0.36666666666666659,0.90000000000000002,0.41999999999999993,0.50000000000000011,0.48323555035452148
0.36666666666666659,0.90000000000000002,0.41999999999999993,0.90000000000000002,0.56830258417219237
0.36666666666666659,0.90000000000000002,0.58000000000000007,0.099999999999999978,0.53460059632993784
0.36666666666666659,0.90000000000000002,0.58000000000000007,0.50000000000000011,0.48498493386213615
0.36666666666666659,0.90000000000000002,0.58000000000000007,0.90000000000000002,0.4507024992081291
0.36666666666666659,0.90000000000000002,0.73999999999999977,0.099999999999999978,0.57486059675713286
0.36666666666666659,0.90000000000000002,0.73999999999999977,0.50000000000000011,0.48501733070668551
0.36666666666666659,0.90000000000000002,0.73999999999999977,0.90000000000000002,0.44332675263923094
0.36666666666666659,0.90000000000000002,0.89999999999999991,0.099999999999999978,0.6281399659817043
0.36666666666666659,0.90000000000000002,0.89999999999999991,0.50000000000000011,0.47071827032885949
0.36666666666666659,0.90000000000000002,0.89999999999999991,0.90000000000000002,0.34367261005905819
0.63333333333333319,0.10000000000000001,0.10000000000000009,0.099999999999999978,0.13598078909067451
0.63333333333333319,0.10000000000000001,0.10000000000000009,0.50000000000000011,0.13686054111376234
0.63333333333333319,0.10000000000000001,0.10000000000000009,0.90000000000000002,0.12604208123030852
0.63333333333333319,0.10000000000000001,0.26000000000000001,0.099999999999999978,0.23332795705232276
0.63333333333333319,0.10000000000000001,0.26000000000000001,0.50000000000000011,0.16009823635000336
0.63333333333333319,0.10000000000000001,0.26000000000000001,0.90000000000000002,0.1274220745881717
0.63333333333333319,0.10000000000000001,0.41999999999999993,0.099999999999999978,0.35155416421572322
0.63333333333333319,0.10000000000000001,0.41999999999999993,0.50000000000000011,0.12696761362928757
0.63333333333333319,0.10000000000000001,0.41999999999999993,0.90000000000000002,0.127346026867108
0.63333333333333319,0.10000000000000001,0.58000000000000007,0.099999999999999978,0.41196038987160233
0.63333333333333319,0.10000000000000001,0.58000000000000007,0.50000000000000011,0.12187915599684976
0.63333333333333319,0.10000000000000001,0.58000000000000007,0.90000000000000002,0.11824028093379618
0.63333333333333319,0.10000000000000001,0.73999999999999977,0.099999999999999978,0.36794584953593718
0.63333333333333319,0.10000000000000001,0.73999999999999977,0.50000000000000011,0.11845238266738102
0.63333333333333319,0.10000000000000001,0.73999999999999977,0.90000000000000002,0.11403892479403227
0.63333333333333319,0.10000000000000001,0.89999999999999991,0.099999999999999978,0.30310371196393049
0.63333333333333319,0.10000000000000001,0.89999999999999991,0.50000000000000011,0.11835441762888607
0.63333333333333319,0.10000000000000001,0.89999999999999991,0.90000000000000002,0.1144649412110381
0.63333333333333319,0.20000000000000001,0.18000000000000016,0.099999999999999978,0.15301487452282364
0.63333333333333319,0.20000000000000001,0.18000000000000016,0.50000000000000011,0.18193932394408135
0.63333333333333319,0.20000000000000001,0.18000000000000016,0.90000000000000002,0.18102982124851733
0.63333333333333319,0.20000000000000001,0.34000000000000008,0.099999999999999978,0.20136211888975533
0.63333333333333319,0.20000000000000001,0.34000000000000008,0.50000000000000011,0.22968893024025389
0.63333333333333319,0.20000000000000001,0.34000000000000008,0.90000000000000002,0.22156884489790707
0.63333333333333319,0.20000000000000001,0.5,0.099999999999999978,0.26625122239304161
0.63333333333333319,0.20000000000000001,0.5,0.50000000000000011,0.32315191934304222
0.63333333333333319,0.20000000000000001,0.5,0.90000000000000002,0.23461982399187059
0.63333333333333319,0.20000000000000001,0.66000000000000014,0.099999999999999978,0.54987378512266016
0.63333333333333319,0.20000000000000001,0.66000000000000014,0.50000000000000011,0.40616847497312081
0.63333333333333319,0.20000000000000001,0.66000000000000014,0.90000000000000002,0.2728069896860682
0.63333333333333319,0.20000000000000001,0.81999999999999984,0.099999999999999978,0.736155584695946
0.63333333333333319,0.20000000000000001,0.81999999999999984,0.50000000000000011,0.72097783822598327
0.63333333333333319,0.20000000000000001,0.81999999999999984,0.90000000000000002,0.18093943830188858
0.63333333333333319,0.30000000000000004,0.10000000000000009,0.099999999999999978,0.11166926872782877
0.63333333333333319,0.30000000000000004,0.10000000000000009,0.50000000000000011,0.12146772511781541
0.63333333333333319,0.30000000000000004,0.10000000000000009,0.90000000000000002,0.12440086359678894
0.63333333333333319,0.30000000000000004,0.26000000000000001,0.099999999999999978,0.13184188776905575
0.63333333333333319,0.30000000000000004,0.26000000000000001,0.50000000000000011,0.13459735820129201
0.63333333333333319,0.30000000000000004,0.26000000000000001,0.90000000000000002,0.13967699502966247
0.63333333333333319,0.30000000000000004,0.41999999999999993,0.099999999999999978,0.16791560738622968
0.63333333333333319,0.30000000000000004,0.41999999999999993,0.50000000000000011,0.16403032439266063
0.63333333333333319,0.30000000000000004,0.41999999999999993,0.90000000000000002,0.19030880370786396
0.63333333333333319,0.30000000000000004,0.58000000000000007,0.099999999999999978,0.28943207363518031
0.63333333333333319,0.30000000000000004,0.58000000000000007,0.50000000000000011,0.33951304087881701
0.63333333333333319,0.30000000000000004,0.58000000000000007,0.90000000000000002,0.20720474852811205
0.63333333333333319,0.30000000000000004,0.73999999999999977,0.099999999999999978,0.471085765935228
0.63333333333333319,0.30000000000000004,0.73999999999999977,0.50000000000000011,0.51432869914728818
0.63333333333333319,0.30000000000000004,0.73999999999999977,0.90000000000000002,0.21777680174874675
0.63333333333333319,0.30000000000000004,0.89999999999999991,0.099999999999999978,0.57042666512675955
0.63333333333333319,0.30000000000000004,0.89999999999999991,0.50000000000000011,0.16072167270413382
0.63333333333333319,0.30000000000000004,0.89999999999999991,0.90000000000000002,0.11914214642151405
0.63333333333333319,0.40000000000000002,0.18000000000000016,0.099999999999999978,0.14728122081652939
0.63333333333333319,0.40000000000000002,0.18000000000000016,0.50000000000000011,0.15883773584836297
0.63333333333333319,0.40000000000000002,0.18000000000000016,0.90000000000000002,0.20634625104775495
0.63333333333333319,0.40000000000000002,0.34000000000000008,0.099999999999999978,0.28368242704628766
0.63333333333333319,0.40000000000000002,0.34000000000000008,0.50000000000000011,0.33334611290580329
0.63333333333333319,0.40000000000000002,0.34000000000000008,0.90000000000000002,0.37775458365883213
0.63333333333333319,0.40000000000000002,0.5,0.099999999999999978,0.37388686027649304
0.63333333333333319,0.40000000000000002,0.5,0.50000000000000011,0.44462852236168049
0.63333333333333319,0.40000000000000002,0.5,0.90000000000000002,0.4825885645239098
0.63333333333333319,0.40000000000000002,0.66000000000000014,0.099999999999999978,0.46267753393292688
0.63333333333333319,0.40000000000000002,0.66000000000000014,0.50000000000000011,0.57403942806516151
0.63333333333333319,0.40000000000000002,0.66000000000000014,0.90000000000000002,0.61485208982027606
0.63333333333333319,0.40000000000000002,0.81999999999999984,0.099999999999999978,0.49205155250334631
0.63333333333333319,0.40000000000000002,0.81999999999999984,0.50000000000000011,0.69311494954537456
0.63333333333333319,0.40000000000000002,0.81999999999999984,0.90000000000000002,0.47095398930305776
0.63333333333333319,0.5,0.10000000000000009,0.099999999999999978,0.21509241277950253
0.63333333333333319,0.5,0.10000000000000009,0.50000000000000011,0.3139491190093836
0.63333333333333319,0.5,0.10000000000000009,0.90000000000000002,0.28089439594856014
0.63333333333333319,0.5,0.26000000000000001,0.099999999999999978,0.38768736261861669
0.63333333333333319,0.5,0.26000000000000001,0.50000000000000011,0.44074587585959429
0.63333333333333319,0.5,0.26000000000000001,0.90000000000000002,0.38777280996237645
0.63333333333333319,0.5,0.41999999999999993,0.099999999999999978,0.4599594797889357
0.63333333333333319,0.5,0.41999999999999993,0.50000000000000011,0.49309537068113329
0.63333333333333319,0.5,0.41999999999999993,0.90000000000000002,0.49000205554153975
0.63333333333333319,0.5,0.58000000000000007,0.099999999999999978,0.57434554665458326
0.63333333333333319,0.5,0.58000000000000007,0.50000000000000011,0.64860136895960263
0.63333333333333319,0.5,0.58000000000000007,0.90000000000000002,0.52396168561054757
0.63333333333333319,0.5,0.73999999999999977,0.099999999999999978,0.6137619760056543
0.63333333333333319,0.5,0.73999999999999977,0.50000000000000011,0.61710046108384409
0.63333333333333319,0.5,0.73999999999999977,0.90000000000000002,0.32381897225945183
0.63333333333333319,0.5,0.89999999999999991,0.099999999999999978,0.62819954540522727
0.63333333333333319,0.5,0.89999999999999991,0.50000000000000011,0.58249884348044045
0.63333333333333319,0.5,0.89999999999999991,0.90000000000000002,0.1291684605701455
0.63333333333333319,0.59999999999999998,0.18000000000000016,0.099999999999999978,0.29282998076967809
0.63333333333333319,0.59999999999999998,0.18000000000000016,0.50000000000000011,0.33563602168082618
0.63333333333333319,0.59999999999999998,0.18000000000000016,0.90000000000000002,0.3091410894371861
0.63333333333333319,0.59999999999999998,0.34000000000000008,0.099999999999999978,0.4139670661827583
0.63333333333333319,0.59999999999999998,0.34000000000000008,0.50000000000000011,0.42184691220502624
0.63333333333333319,0.59999999999999998,0.34000000000000008,0.90000000000000002,0.37274309533389272
0.63333333333333319,0.59999999999999998,0.5,0.099999999999999978,0.54480894205138664
0.63333333333333319,0.59999999999999998,0.5,0.50000000000000011,0.57912346803512282
0.63333333333333319,0.59999999999999998,0.5,0.90000000000000002,0.6218947156946405
0.63333333333333319,0.59999999999999998,0.66000000000000014,0.099999999999999978,0.61791496699429282
0.63333333333333319,0.59999999999999998,0.66000000000000014,0.50000000000000011,0.61396604578803649
0.63333333333333319,0.59999999999999998,0.66000000000000014,0.90000000000000002,0.76533580493603237
0.63333333333333319,0.59999999999999998,0.81999999999999984,0.099999999999999978,0.66014726282806235
0.63333333333333319,0.59999999999999998,0.81999999999999984,0.50000000000000011,0.5812576214134122
0.63333333333333319,0.59999999999999998,0.81999999999999984,0.90000000000000002,0.53093283306009509
0.63333333333333319,0.69999999999999996,0.10000000000000009,0.099999999999999978,0.3086752784471497
0.63333333333333319,0.69999999999999996,0.10000000000000009,0.50000000000000011,0.31331414742518876
0.63333333333333319,0.69999999999999996,0.10000000000000009,0.90000000000000002,0.27596512565498665
0.63333333333333319,0.69999999999999996,0.26000000000000001,0.099999999999999978,0.4686109401952514
0.63333333333333319,0.69999999999999996,0.26000000000000001,0.50000000000000011,0.49745360274595851
0.63333333333333319,0.69999999999999996,0.26000000000000001,0.90000000000000002,0.4468965727095297
0.63333333333333319,0.69999999999999996,0.41999999999999993,0.099999999999999978,0.56455695271170536
0.63333333333333319,0.69999999999999996,0.41999999999999993,0.50000000000000011,0.63335329519073058
0.63333333333333319,0.69999999999999996,0.41999999999999993,0.90000000000000002,0.72769688564434942
0.63333333333333319,0.69999999999999996,0.58000000000000007,0.099999999999999978,0.57038452799493156
0.63333333333333319,0.69999999999999996,0.58000000000000007,0.50000000000000011,0.57971204008900479
0.63333333333333319,0.69999999999999996,0.58000000000000007,0.90000000000000002,0.49508462106540158
0.63333333333333319,0.69999999999999996,0.73999999999999977,0.099999999999999978,0.65037505259280504
0.63333333333333319,0.69999999999999996,0.73999999999999977,0.50000000000000011,0.53741278084621191
0.63333333333333319,0.69999999999999996,0.73999999999999977,0.90000000000000002,0.41993394429613645
0.63333333333333319,0.69999999999999996,0.89999999999999991,0.099999999999999978,0.64640828544881157
0.63333333333333319,0.69999999999999996,0.89999999999999991,0.50000000000000011,0.36928801201122646
0.63333333333333319,0.69999999999999996,0.89999999999999991,0.90000000000000002,0.31933909369517366
0.63333333333333319,0.80000000000000004,0.18000000000000016,0.099999999999999978,0.46308569424181339
0.63333333333333319,0.80000000000000004,0.18000000000000016,0.50000000000000011,0.5047988699186583
0.63333333333333319,0.80000000000000004,0.18000000000000016,0.90000000000000002,0.4948142189562878
0.63333333333333319,0.80000000000000004,0.34000000000000008,0.099999999999999978,0.51984693629572254
0.63333333333333319,0.80000000000000004,0.34000000000000008,0.50000000000000011,0.60578522335609808
0.63333333333333319,0.80000000000000004,0.34000000000000008,0.90000000000000002,0.69853881200186618
0.63333333333333319,0.80000000000000004,0.5,0.099999999999999978,0.51813177713219016
0.63333333333333319,0.80000000000000004,0.5,0.50000000000000011,0.51057204570089054
0.63333333333333319,0.80000000000000004,0.5,0.90000000000000002,0.53478801348020566
0.63333333333333319,0.80000000000000004,0.66000000000000014,0.099999999999999978,0.54906588373732446
0.63333333333333319,0.80000000000000004,0.66000000000000014,0.50000000000000011,0.46474823259757542
0.63333333333333319,0.80000000000000004,0.66000000000000014,0.90000000000000002,0.42235793996468141
0.63333333333333319,0.80000000000000004,0.81999999999999984,0.099999999999999978,0.58743713645872497
0.63333333333333319,0.80000000000000004,0.81999999999999984,0.50000000000000011,0.44815060386858585
0.63333333333333319,0.80000000000000004,0.81999999999999984,0.90000000000000002,0.2118673100306408
0.63333333333333319,0.90000000000000002,0.10000000000000009,0.099999999999999978,0.53351715716708636
0.63333333333333319,0.90000000000000002,0.10000000000000009,0.50000000000000011,0.57732507538663735
0.63333333333333319,0.90000000000000002,0.10000000000000009,0.90000000000000002,0.62499914778212562
0.63333333333333319,0.90000000000000002,0.26000000000000001,0.099999999999999978,0.51583722449732639
0.63333333333333319,0.90000000000000002,0.26000000000000001,0.50000000000000011,0.51209208012035035
0.63333333333333319,0.90000000000000002,0.26000000000000001,0.90000000000000002,0.77995912308223203
0.63333333333333319,0.90000000000000002,0.41999999999999993,0.099999999999999978,0.54404117973556443
0.63333333333333319,0.90000000000000002,0.41999999999999993,0.50000000000000011,0.4566708513642489
0.63333333333333319,0.90000000000000002,0.41999999999999993,0.90000000000000002,0.44321021809649608
0.63333333333333319,0.90000000000000002,0.58000000000000007,0.099999999999999978,0.59298513220273774
0.63333333333333319,0.90000000000000002,0.58000000000000007,0.50000000000000011,0.43767319558970685
0.63333333333333319,0.90000000000000002,0.58000000000000007,0.90000000000000002,0.37792327174798762
0.63333333333333319,0.90000000000000002,0.73999999999999977,0.099999999999999978,0.65098843081360858
0.63333333333333319,0.90000000000000002,0.73999999999999977,0.50000000000000011,0.41927878038350669
0.63333333333333319,0.90000000000000002,0.73999999999999977,0.90000000000000002,0.283294685608936
0.63333333333333319,0.90000000000000002,0.89999999999999991,0.099999999999999978,0.68846918781417055
0.63333333333333319,0.90000000000000002,0.89999999999999991,0.50000000000000011,0.32723913000027566
0.63333333333333319,0.90000000000000002,0.89999999999999991,0.90000000000000002,0.12975437282421859
0.90000000000000002,0.10000000000000001,0.10000000000000009,0.099999999999999978,0.13714088527555329
0.90000000000000002,0.10000000000000001,0.10000000000000009,0.50000000000000011,0.14308542081699754
0.90000000000000002,0.10000000000000001,0.10000000000000009,0.90000000000000002,0.12739702528285268
0.90000000000000002,0.10000000000000001,0.26000000000000001,0.099999999999999978,0.15292328654438089
0.90000000000000002,0.10000000000000001,0.26000000000000001,0.50000000000000011,0.12504831297209529
0.90000000000000002,0.10000000000000001,0.26000000000000001,0.90000000000000002,0.12207311371118756
0.90000000000000002,0.10000000000000001,0.41999999999999993,0.099999999999999978,0.21114853951129847
0.90000000000000002,0.10000000000000001,0.41999999999999993,0.50000000000000011,0.12090469273724946
0.90000000000000002,0.10000000000000001,0.41999999999999993,0.90000000000000002,0.11815510951567144
0.90000000000000002,0.10000000000000001,0.58000000000000007,0.099999999999999978,0.16653226964371759
0.90000000000000002,0.10000000000000001,0.58000000000000007,0.50000000000000011,0.15870048348824495
0.90000000000000002,0.10000000000000001,0.58000000000000007,0.90000000000000002,0.11537614045886437
0.90000000000000002,0.10000000000000001,0.73999999999999977,0.099999999999999978,0.23370288619959431
0.90000000000000002,0.10000000000000001,0.73999999999999977,0.50000000000000011,0.11577465601867895
0.90000000000000002,0.10000000000000001,0.73999999999999977,0.90000000000000002,0.11557589160314186
0.90000000000000002,0.10000000000000001,0.89999999999999991,0.099999999999999978,0.29967788234796006
0.90000000000000002,0.10000000000000001,0.89999999999999991,0.50000000000000011,0.11403698144433981
0.90000000000000002,0.10000000000000001,0.89999999999999991,0.90000000000000002,0.11218756107903718
0.90000000000000002,0.20000000000000001,0.18000000000000016,0.099999999999999978,0.13863175175949977
0.90000000000000002,0.20000000000000001,0.18000000000000016,0.50000000000000011,0.14933793056720651
0.90000000000000002,0.20000000000000001,0.18000000000000016,0.90000000000000002,0.13921179106449855
0.90000000000000002,0.20000000000000001,0.34000000000000008,0.099999999999999978,0.31263162308154968
0.90000000000000002,0.20000000000000001,0.34000000000000008,0.50000000000000011,0.18837590020786132
0.90000000000000002,0.20000000000000001,0.34000000000000008,0.90000000000000002,0.16821565411349548
0.90000000000000002,0.20000000000000001,0.5,0.099999999999999978,0.38544875598785944
0.90000000000000002,0.20000000000000001,0.5,0.50000000000000011,0.32892350736440801
0.90000000000000002,0.20000000000000001,0.5,0.90000000000000002,0.18673461653888646
0.90000000000000002,0.20000000000000001,0.66000000000000014,0.099999999999999978,0.76827460402494163
0.90000000000000002,0.20000000000000001,0.66000000000000014,0.50000000000000011,0.30356990349336194
0.90000000000000002,0.20000000000000001,0.66000000000000014,0.90000000000000002,0.12177489831535496
0.90000000000000002,0.20000000000000001,0.81999999999999984,0.099999999999999978,0.86050247029357441
0.90000000000000002,0.20000000000000001,0.81999999999999984,0.50000000000000011,0.1678528711971175
0.90000000000000002,0.20000000000000001,0.81999999999999984,0.90000000000000002,0.11408886180219707
0.90000000000000002,0.30000000000000004,0.10000000000000009,0.099999999999999978,0.13445190629475173
0.90000000000000002,0.30000000000000004,0.10000000000000009,0.50000000000000011,0.13254884756486793
0.90000000000000002,0.30000000000000004,0.10000000000000009,0.90000000000000002,0.13985333095802668
0.90000000000000002,0.30000000000000004,0.26000000000000001,0.099999999999999978,0.15854509488792567
0.90000000000000002,0.30000000000000004,0.26000000000000001,0.50000000000000011,0.2195447052916325
0.90000000000000002,0.30000000000000004,0.26000000000000001,0.90000000000000002,0.16552358443137133
0.90000000000000002,0.30000000000000004,0.41999999999999993,0.099999999999999978,0.30460111278871027
0.90000000000000002,0.30000000000000004,0.41999999999999993,0.50000000000000011,0.3522720181617936
0.90000000000000002,0.30000000000000004,0.41999999999999993,0.90000000000000002,0.27385773144509029
0.90000000000000002,0.30000000000000004,0.58000000000000007,0.099999999999999978,0.37225626795517169
0.90000000000000002,0.30000000000000004,0.58000000000000007,0.50000000000000011,0.45081574309925354
0.90000000000000002,0.30000000000000004,0.58000000000000007,0.90000000000000002,0.24034800522589184
0.90000000000000002,0.30000000000000004,0.73999999999999977,0.099999999999999978,0.450220464240212
0.90000000000000002,0.30000000000000004,0.73999999999999977,0.50000000000000011,0.43065851763717572
0.90000000000000002,0.30000000000000004,0.73999999999999977,0.90000000000000002,0.25898368212046552
0.90000000000000002,0.30000000000000004,0.89999999999999991,0.099999999999999978,0.6960616273094733
0.90000000000000002,0.30000000000000004,0.89999999999999991,0.50000000000000011,0.1206522025725169
0.90000000000000002,0.30000000000000004,0.89999999999999991,0.90000000000000002,0.11580727514225864
0.90000000000000002,0.40000000000000002,0.18000000000000016,0.099999999999999978,0.21225223551104236
0.90000000000000002,0.40000000000000002,0.18000000000000016,0.50000000000000011,0.29918647881590765
0.90000000000000002,0.40000000000000002,0.18000000000000016,0.90000000000000002,0.26687087202293103
0.90000000000000002,0.40000000000000002,0.34000000000000008,0.099999999999999978,0.32377485325724908
0.90000000000000002,0.40000000000000002,0.34000000000000008,0.50000000000000011,0.3441277697203099
0.90000000000000002,0.40000000000000002,0.34000000000000008,0.90000000000000002,0.37219734220198453
0.90000000000000002,0.40000000000000002,0.5,0.099999999999999978,0.45744962264328276
0.90000000000000002,0.40000000000000002,0.5,0.50000000000000011,0.61021754120901839
0.90000000000000002,0.40000000000000002,0.5,0.90000000000000002,0.30062777229340931
0.90000000000000002,0.40000000000000002,0.66000000000000014,0.099999999999999978,0.60363730198873755
0.90000000000000002,0.40000000000000002,0.66000000000000014,0.50000000000000011,0.69683168283036911
0.90000000000000002,0.40000000000000002,0.66000000000000014,0.90000000000000002,0.12733279024448621
0.90000000000000002,0.40000000000000002,0.81999999999999984,0.099999999999999978,0.84149969728985008
0.90000000000000002,0.40000000000000002,0.81999999999999984,0.50000000000000011,0.86946216812851507
0.90000000000000002,0.40000000000000002,0.81999999999999984,0.90000000000000002,0.12270072942969201
0.90000000000000002,0.5,0.10000000000000009,0.099999999999999978,0.28197602855767978
0.90000000000000002,0.5,0.10000000000000009,0.50000000000000011,0.27975077411159099
0.90000000000000002,0.5,0.10000000000000009,0.90000000000000002,0.27845537557169253
0.90000000000000002,0.5,0.26000000000000001,0.099999999999999978,0.37122087955475086
0.90000000000000002,0.5,0.26000000000000001,0.50000000000000011,0.38290393753437596
0.90000000000000002,0.5,0.26000000000000001,0.90000000000000002,0.34634615313693928
0.90000000000000002,0.5,0.41999999999999993,0.099999999999999978,0.48134915232391068
0.90000000000000002,0.5,0.41999999999999993,0.50000000000000011,0.55974990629564936
0.90000000000000002,0.5,0.41999999999999993,0.90000000000000002,0.48938371371330247
0.90000000000000002,0.5,0.58000000000000007,0.099999999999999978,0.69217267517049974
0.90000000000000002,0.5,0.58000000000000007,0.50000000000000011,0.72289016076218604
0.90000000000000002,0.5,0.58000000000000007,0.90000000000000002,0.47151102493247626
0.90000000000000002,0.5,0.73999999999999977,0.099999999999999978,0.74968285424944137
0.90000000000000002,0.5,0.73999999999999977,0.50000000000000011,0.75298036599867457
0.90000000000000002,0.5,0.73999999999999977,0.90000000000000002,0.31565667726728353
0.90000000000000002,0.5,0.89999999999999991,0.099999999999999978,0.77088285405660739
0.90000000000000002,0.5,0.89999999999999991,0.50000000000000011,0.49389816999202024
0.90000000000000002,0.5,0.89999999999999991,0.90000000000000002,0.11932144054812104
0.90000000000000002,0.59999999999999998,0.18000000000000016,0.099999999999999978,0.32513620024237549
0.90000000000000002,0.59999999999999998,0.18000000000000016,0.50000000000000011,0.46889500795576738
0.90000000000000002,0.59999999999999998,0.18000000000000016,0.90000000000000002,0.33064715971893538
0.90000000000000002,0.59999999999999998,0.34000000000000008,0.099999999999999978,0.55668654272959217
0.90000000000000002,0.59999999999999998,0.34000000000000008,0.50000000000000011,0.59683610888413097
0.90000000000000002,0.59999999999999998,0.34000000000000008,0.90000000000000002,0.56141495394109009
0.90000000000000002,0.59999999999999998,0.5,0.099999999999999978,0.65796318583885383
0.90000000000000002,0.59999999999999998,0.5,0.50000000000000011,0.72515381162747705
0.90000000000000002,0.59999999999999998,0.5,0.90000000000000002,0.80406102953676739
0.90000000000000002,0.59999999999999998,0.66000000000000014,0.099999999999999978,0.66454619267075599
0.90000000000000002,0.59999999999999998,0.66000000000000014,0.50000000000000011,0.60086895072438451
0.90000000000000002,0.59999999999999998,0.66000000000000014,0.90000000000000002,0.37296799789066798
0.90000000000000002,0.59999999999999998,0.81999999999999984,0.099999999999999978,0.71928866706810535
0.90000000000000002,0.59999999999999998,0.81999999999999984,0.50000000000000011,0.39068828260292815
0.90000000000000002,0.59999999999999998,0.81999999999999984,0.90000000000000002,0.24402750235076806
0.90000000000000002,0.69999999999999996,0.10000000000000009,0.099999999999999978,0.43168034583548154
0.90000000000000002,0.69999999999999996,0.10000000000000009,0.50000000000000011,0.4665777359550411
0.90000000000000002,0.69999999999999996,0.10000000000000009,0.90000000000000002,0.41226899101383441
0.90000000000000002,0.69999999999999996,0.26000000000000001,0.099999999999999978,0.58458864062444194
0.90000000000000002,0.69999999999999996,0.26000000000000001,0.50000000000000011,0.65264659947767645
0.90000000000000002,0.69999999999999996,0.26000000000000001,0.90000000000000002,0.56485444013290931
0.90000000000000002,0.69999999999999996,0.41999999999999993,0.099999999999999978,0.58828861116060738
0.90000000000000002,0.69999999999999996,0.41999999999999993,0.50000000000000011,0.67430949929832529
0.90000000000000002,0.69999999999999996,0.41999999999999993,0.90000000000000002,0.90000000000000013
0.90000000000000002,0.69999999999999996,0.58000000000000007,0.099999999999999978,0.6061421095540952
0.90000000000000002,0.69999999999999996,0.58000000000000007,0.50000000000000011,0.50569365621541396
0.90000000000000002,0.69999999999999996,0.58000000000000007,0.90000000000000002,0.20652370179981339
0.90000000000000002,0.69999999999999996,0.73999999999999977,0.099999999999999978,0.65024799063860361
0.90000000000000002,0.69999999999999996,0.73999999999999977,0.50000000000000011,0.33431736987322302
0.90000000000000002,0.69999999999999996,0.73999999999999977,0.90000000000000002,0.23183344040960566
0.90000000000000002,0.69999999999999996,0.89999999999999991,0.099999999999999978,0.66321770521053502
0.90000000000000002,0.69999999999999996,0.89999999999999991,0.50000000000000011,0.3119968201009693
0.90000000000000002,0.69999999999999996,0.89999999999999991,0.90000000000000002,0.11833007175098459
0.90000000000000002,0.80000000000000004,0.18000000000000016,0.099999999999999978,0.58283273775785982
0.90000000000000002,0.80000000000000004,0.18000000000000016,0.50000000000000011,0.67673553509365436
0.90000000000000002,0.80000000000000004,0.18000000000000016,0.90000000000000002,0.78421042997314161
0.90000000000000002,0.80000000000000004,0.34000000000000008,0.099999999999999978,0.60813342150074057
0.90000000000000002,0.80000000000000004,0.34000000000000008,0.50000000000000011,0.62193467469364982
0.90000000000000002,0.80000000000000004,0.34000000000000008,0.90000000000000002,0.73471909959069803
0.90000000000000002,0.80000000000000004,0.5,0.099999999999999978,0.60783245073808112
0.90000000000000002,0.80000000000000004,0.5,0.50000000000000011,0.46824628601500506
0.90000000000000002,0.80000000000000004,0.5,0.90000000000000002,0.19512507077094043
0.90000000000000002,0.80000000000000004,0.66000000000000014,0.099999999999999978,0.64185761471561054
0.90000000000000002,0.80000000000000004,0.66000000000000014,0.50000000000000011,0.29915678729299067
0.90000000000000002,0.80000000000000004,0.66000000000000014,0.90000000000000002,0.19600201421276597
0.90000000000000002,0.80000000000000004,0.81999999999999984,0.099999999999999978,0.69773315824215809
0.90000000000000002,0.80000000000000004,0.81999999999999984,0.50000000000000011,0.25532549546101574
0.90000000000000002,0.80000000000000004,0.81999999999999984,0.90000000000000002,0.12215884029387954
0.90000000000000002,0.90000000000000002,0.10000000000000009,0.099999999999999978,0.66669406269641429
0.90000000000000002,0.90000000000000002,0.10000000000000009,0.50000000000000011,0.70094241861855167
0.90000000000000002,0.90000000000000002,0.10000000000000009,0.90000000000000002,0.81117606178967694
0.90000000000000002,0.90000000000000002,0.26000000000000001,0.099999999999999978,0.61008599708388322
0.90000000000000002,0.90000000000000002,0.26000000000000001,0.50000000000000011,0.46028262999405795
0.90000000000000002,0.90000000000000002,0.26000000000000001,0.90000000000000002,0.63759828693703013
0.90000000000000002,0.90000000000000002,0.41999999999999993,0.099999999999999978,0.60859091046760061
0.90000000000000002,0.90000000000000002,0.41999999999999993,0.50000000000000011,0.37919040241678087
0.90000000000000002,0.90000000000000002,0.41999999999999993,0.90000000000000002,0.16671178558837446
0.90000000000000002,0.90000000000000002,0.58000000000000007,0.099999999999999978,0.65414774476054849
0.90000000000000002,0.90000000000000002,0.58000000000000007,0.50000000000000011,0.25456000451131644
0.90000000000000002,0.90000000000000002,0.58000000000000007,0.90000000000000002,0.12240292269306442
0.90000000000000002,0.90000000000000002,0.73999999999999977,0.099999999999999978,0.72292343398827075
0.90000000000000002,0.90000000000000002,0.73999999999999977,0.50000000000000011,0.17506274632528088
0.90000000000000002,0.90000000000000002,0.73999999999999977,0.90000000000000002,0.12703626448620847
0.90000000000000002,0.90000000000000002,0.89999999999999991,0.099999999999999978,0.52393203410649947
0.90000000000000002,0.90000000000000002,0.89999999999999991,0.50000000000000011,0.11602285765309506
0.90000000000000002,0.90000000000000002,0.89999999999999991,0.90000000000000002,0.11563599282776907
