P3HT content (%),D1 content (%),D2 content (%),D6 content (%),D8 content (%),Conductivity (measured) (S/cm)
0.10000000000000001,0.10000000000000001,0.10000000000000001,0.90000000000000002,0.10000000000000001,0.14138884568804594
0.11132029039005784,0.10613333333333334,0.39005714285714288,0.58395294117647067,0.16986666666666667,0.11356110355704543
0.11850621385505106,0.11666666666666667,0.38525714285714285,0.56663529411764713,0.17808000000000002,0.11655307651969386
0.12667651039744066,0.11306666666666668,0.38960000000000006,0.5734117647058824,0.16058666666666668,0.11152656194244449
0.13612649194044546,0.10360000000000001,0.63817142857142861,0.32616470588235297,0.20656000000000002,0.11085635999881126
0.13671711578688325,0.11706666666666668,0.64239999999999997,0.33190588235294122,0.18469333333333335,0.10381923959066215
0.13681555309462284,0.10226666666666667,0.31040000000000001,0.44004705882352946,0.38351999999999997,0.11450417343487222
0.14065460809646857,0.10533333333333333,0.63554285714285708,0.33915294117647066,0.188,0.1057293151300169
0.14085148271194783,0.1212,0.65314285714285714,0.3195764705882353,0.18074666666666667,0.10499688014876057
0.14163898117386492,0.10453333333333334,0.61839999999999995,0.34498823529411771,0.19674666666666668,0.14078566393877603
0.14449366309831427,0.11653333333333334,0.62811428571428574,0.34338823529411766,0.17712,0.11006169197993183
0.14764365694598253,0.11413333333333334,0.42800000000000005,0.41642352941176475,0.27866666666666673,0.13026349342373403
0.15482958041097578,0.1024,0.50685714285714289,0.47091764705882355,0.14437333333333335,0.11502118636281787
0.19843730773963333,0.10000000000000001,0.10000000000000001,0.10000000000000001,0.90000000000000013,0.303577716047292
0.24765596160945,0.10000000000000001,0.10000000000000001,0.75882352941176479,0.10000000000000001,0.13288685531738417
0.24765596160945,0.10000000000000001,0.90000000000000002,0.10000000000000001,0.10000000000000001,0.11227335839392155
0.28712932201304298,0.6186666666666667,0.10834285714285714,0.21934117647058826,0.24560000000000004,0.34480949705095748
0.28831056970591862,0.66253333333333331,0.20045714285714283,0.22442352941176474,0.11802666666666667,0.31399456911404877
0.29648086624830816,0.6909333333333334,0.12057142857142858,0.23185882352941178,0.15290666666666669,0.46354534567906791
0.31538082933431777,0.65466666666666673,0.13051428571428572,0.11741176470588235,0.28122666666666668,0.41173712441436006
0.31941675895164268,0.67600000000000005,0.13165714285714286,0.11703529411764707,0.25936000000000003,0.4789847163344253
0.32335425126122797,0.67546666666666666,0.14731428571428573,0.15854117647058824,0.19386666666666669,0.48538435472803132
0.32926048972560606,0.73160000000000003,0.11085714285714286,0.10564705882352941,0.23728000000000002,0.76508834874662723
0.32965423895656454,0.68133333333333335,0.10114285714285715,0.13416470588235296,0.25253333333333339,0.50351560948970098
0.33014642549526274,0.74373333333333336,0.10045714285714286,0.10536470588235294,0.23557333333333336,0.7067616310235737
0.33526516549772367,0.1004,0.1024,0.12776470588235295,0.7181333333333334,0.13959844906719712
0.33546204011320291,0.75706666666666667,0.10102857142857144,0.10894117647058824,0.21381333333333336,0.75587785917841022
0.33674172511381817,0.65800000000000003,0.1657142857142857,0.13802352941176471,0.2002666666666667,0.30729733683445654
0.34225421434723757,0.74093333333333333,0.18582857142857143,0.11816470588235295,0.13136,0.47103320915974678
0.34510889627168695,0.71199999999999997,0.13817142857142858,0.11656470588235295,0.19749333333333335,0.49902775143770817
0.34609326934908335,0.90000000000000002,0.10000000000000001,0.10000000000000001,0.10000000000000001,0.80459472950542377
0.34629014396456259,0.6532,0.10091428571428572,0.23129411764705884,0.14863999999999999,0.4865428466591688
0.34894795127353273,0.88426666666666665,0.10331428571428572,0.10385882352941177,0.10202666666666667,0.83493296558669217
0.35268856896763878,0.89013333333333333,0.10045714285714286,0.1003764705882353,0.10074666666666668,0.77074995945141478
0.35820105820105819,0.75413333333333343,0.13897142857142858,0.15807058823529413,0.10149333333333334,0.37879352274990341
0.35997292974037154,0.80466666666666675,0.12148571428571429,0.12371764705882354,0.11514666666666667,0.25115827266846802
0.36184323858742462,0.78573333333333339,0.124,0.14621176470588237,0.10042666666666668,0.25315623245889329
0.36213855051064359,0.71320000000000006,0.19337142857142858,0.1003764705882353,0.14522666666666667,0.76412134308509927
0.3622369878183832,0.10800000000000001,0.10674285714285715,0.61482352941176477,0.12645333333333333,0.10000000000000001
0.36479635781961361,0.74813333333333332,0.14319999999999999,0.11760000000000001,0.14085333333333333,0.30315644625415111
0.36597760551248926,0.73493333333333333,0.15245714285714285,0.13143529411764707,0.12538666666666667,0.36402993136301098
0.36873385012919901,0.70093333333333341,0.15131428571428573,0.14903529411764707,0.13221333333333335,0.36706498873632154
0.36902916205241787,0.7910666666666667,0.13142857142857145,0.12701176470588235,0.10341333333333334,0.7638029971618735
0.37011197243755378,0.11480000000000001,0.11702857142857143,0.60861176470588241,0.11013333333333333,0.1228146775359245
0.37651039744063008,0.73799999999999999,0.13588571428571428,0.13105882352941178,0.12848000000000001,0.24421213179119458
0.37670727205610932,0.10706666666666667,0.71085714285714285,0.1048,0.12517333333333333,0.11172762252553448
0.37690414667158856,0.7573333333333333,0.13611428571428572,0.11618823529411765,0.12922666666666668,0.32758051994284276
0.37729789590254714,0.55346666666666666,0.14445714285714287,0.1192,0.28090666666666669,0.40894303589991909
0.38044788975021537,0.72520000000000007,0.14777142857142858,0.14800000000000002,0.10394666666666667,0.2045074811702014
0.3816291374430909,0.75719999999999998,0.13291428571428571,0.13971764705882353,0.10042666666666668,0.80540013722322046
0.38349944629014399,0.70386666666666664,0.19017142857142857,0.12287058823529412,0.10586666666666668,0.28958445774244879
0.38379475821336284,0.58493333333333331,0.11131428571428573,0.12296470588235295,0.27493333333333336,0.38264239676905432
0.3855666297526763,0.10120000000000001,0.11028571428571429,0.61491764705882357,0.1032,0.11573925987385349
0.38842131167712568,0.82906666666666673,0.10045714285714286,0.10272941176470589,0.10832,0.71965686352270486
0.38891349821582388,0.1024,0.72251428571428566,0.10169411764705882,0.10864000000000001,0.10540857562842099
0.39088224437061647,0.10666666666666667,0.68914285714285706,0.1103529411764706,0.12464,0.11398716050692657
0.39107911898609571,0.74626666666666663,0.13348571428571429,0.11505882352941177,0.12560000000000002,0.28441313189720796
0.39147286821705429,0.73373333333333335,0.12342857142857143,0.12983529411764708,0.12752000000000002,0.37476273677462346
0.39285099052540917,0.80560000000000009,0.1024,0.11242352941176471,0.10896,0.61797902211912925
0.39334317706410726,0.59866666666666668,0.17782857142857145,0.15487058823529412,0.15525333333333335,0.20979731550603964
0.39422911283376405,0.72706666666666675,0.14354285714285714,0.11091764705882354,0.13306666666666667,0.33649899294990521
0.39531192321889996,0.10000000000000001,0.10000000000000001,0.61764705882352944,0.10000000000000001,0.14096757589490505
0.39531192321889996,0.10000000000000001,0.72857142857142854,0.10000000000000001,0.10000000000000001,0.11159836929354806
0.39678848283499446,0.66333333333333333,0.18937142857142858,0.11863529411764706,0.13018666666666667,0.47626960829461917
0.39737910668143228,0.75853333333333339,0.14102857142857145,0.11364705882352942,0.10437333333333335,0.41161426936097156
0.39934785283622487,0.74680000000000002,0.124,0.12484705882352942,0.11472,0.36852985869883426
0.40102128706779872,0.76026666666666676,0.12959999999999999,0.10461176470588236,0.12016,0.39671663758535258
0.40121816168327795,0.71999999999999997,0.11908571428571429,0.13727058823529412,0.12410666666666667,0.22688291028053539
0.40161191091423654,0.75146666666666673,0.13017142857142858,0.11675294117647059,0.11162666666666668,0.42195262119535493
0.40318690783807065,0.72999999999999998,0.13702857142857144,0.12541176470588236,0.11173333333333334,0.61659074666446034
0.40564784053156144,0.76533333333333331,0.12537142857142858,0.10724705882352942,0.11162666666666668,0.37130162245143172
0.40633690168573888,0.74533333333333329,0.13120000000000001,0.10809411764705883,0.12037333333333333,0.34545576321088955
0.40948689553340711,0.75639999999999996,0.11897142857142858,0.11600000000000001,0.11130666666666668,0.46617828188619848
0.41017595668758455,0.76013333333333333,0.12354285714285715,0.1099764705882353,0.10949333333333335,0.6193481489468371
0.41076658053402237,0.75213333333333332,0.13520000000000001,0.11044705882352943,0.10384,0.40202269751024622
0.41194782822689802,0.59853333333333336,0.10045714285714286,0.11750588235294118,0.24986666666666671,0.43894893434772764
0.41362126245847175,0.68320000000000003,0.15805714285714287,0.10734117647058825,0.13850666666666667,0.53241816970086464
0.41421188630490957,0.77066666666666661,0.11748571428571429,0.1003764705882353,0.11312000000000001,0.90000000000000002
0.41549157130552483,0.76573333333333338,0.10800000000000001,0.11534117647058824,0.10778666666666667,0.61457056652008024
0.41588532053648342,0.57413333333333338,0.16617142857142858,0.15148235294117648,0.16581333333333334,0.41444826615119224
0.41627906976744189,0.72600000000000009,0.14891428571428572,0.11016470588235294,0.10608000000000001,0.41184405288450299
0.41696813092161933,0.75986666666666669,0.12297142857142858,0.10291764705882353,0.11077333333333333,0.43140437532511333
0.41755875476805715,0.69280000000000008,0.18365714285714285,0.10649411764705882,0.10245333333333334,0.40633859150930252
0.4198228128460687,0.77026666666666677,0.1168,0.10611764705882354,0.10170666666666667,0.40907707628864576
0.42297280669373694,0.75719999999999998,0.10628571428571429,0.11374117647058823,0.10949333333333335,0.81631092586716836
0.42809154669619787,0.76840000000000008,0.11508571428571429,0.10207058823529412,0.10042666666666668,0.41930244308579301
0.43094622862064724,0.77133333333333343,0.1056,0.10498823529411766,0.10042666666666668,0.31396584617360734
0.43153685246708506,0.62960000000000005,0.22537142857142858,0.10545882352941177,0.10042666666666668,0.41001535900973229
0.43193060169804354,0.76373333333333338,0.10514285714285715,0.10781176470588236,0.10245333333333334,0.68975765028225011
0.43439153439153444,0.77120000000000011,0.10045714285714286,0.10094117647058824,0.10597333333333334,0.51269029677434586
0.43862433862433869,0.75973333333333326,0.10617142857142858,0.1035764705882353,0.10224000000000001,0.56111717435858832
0.43970714900947461,0.75653333333333339,0.10708571428571428,0.10112941176470588,0.10597333333333334,0.65736774777780327
0.44039621016365205,0.7056,0.11017142857142857,0.1211764705882353,0.12058666666666668,0.68032695150398226
0.44177433247200693,0.74080000000000001,0.11268571428571429,0.1083764705882353,0.10245333333333334,0.69608627149284408
0.44453057708871668,0.76666666666666672,0.10000000000000001,0.10000000000000001,0.10000000000000001,0.78327475720278938
0.44797588285960388,0.64133333333333331,0.16137142857142858,0.12296470588235295,0.11344000000000001,0.27420372228919476
0.45083056478405314,0.74386666666666668,0.10262857142857143,0.10414117647058824,0.10437333333333335,0.69088741927294628
0.45092900209179276,0.69453333333333345,0.1464,0.1003764705882353,0.10736000000000001,0.30864252787846325
0.45142118863049097,0.60506666666666675,0.1462857142857143,0.13171764705882355,0.14319999999999999,0.32086892619302981
0.45181493786144955,0.64733333333333332,0.11885714285714286,0.14414117647058824,0.11994666666666667,0.20968721090101416
0.46156023132767321,0.52826666666666666,0.14480000000000001,0.1215529411764706,0.20624000000000003,0.36915218907506508
0.46234772978959038,0.6213333333333334,0.15885714285714286,0.10734117647058825,0.13349333333333335,0.3024670956835569
0.47534145441122189,0.60120000000000007,0.15360000000000001,0.13312941176470589,0.11120000000000001,0.30098307709408328
0.47799926172019203,0.55200000000000005,0.11348571428571429,0.20672941176470588,0.10266666666666667,0.35737578349408083
0.48055863172142244,0.6134666666666666,0.11794285714285715,0.14470588235294118,0.11685333333333334,0.29592783957639246
0.4838070628768304,0.69440000000000002,0.10045714285714286,0.10508235294117647,0.10949333333333335,0.62818524028931555
0.48528362249292489,0.64093333333333335,0.10045714285714286,0.12522352941176471,0.12784000000000001,0.3784775704050477
0.48863049095607236,0.10866666666666668,0.10605714285714286,0.10432941176470589,0.56816000000000011,0.10904681475100148
0.49374923095853329,0.10000000000000001,0.10000000000000001,0.10000000000000001,0.58000000000000007,0.23208631728858536
0.49689922480620163,0.59386666666666665,0.12171428571428572,0.12183529411764707,0.13669333333333333,0.28191104464097716
0.49709609942168087,0.60826666666666662,0.17165714285714284,0.10009411764705883,0.10277333333333334,0.67958972936598572
0.49729297403716011,0.61173333333333335,0.11291428571428572,0.13905882352941179,0.11109333333333334,0.29251938397734339
0.50940076288913505,0.5178666666666667,0.16239999999999999,0.10875294117647059,0.16112000000000001,0.17063114001535973
0.50969607481235391,0.60240000000000005,0.13497142857142858,0.11063529411764707,0.11632000000000001,0.61457056652008024
0.52869447520610313,0.59813333333333341,0.12194285714285714,0.10818823529411765,0.11354666666666667,0.45573270587900028
0.52938353636028057,0.63186666666666669,0.10045714285714286,0.11242352941176471,0.10149333333333334,0.38675935156565855
0.53076165866863545,0.63080000000000003,0.10857142857142858,0.10141176470588235,0.10565333333333334,0.61992260775566566
0.54119601328903666,0.10306666666666667,0.10571428571428572,0.46602352941176473,0.10586666666666668,0.10832874123996586
0.54277101021287066,0.53120000000000012,0.16628571428571429,0.11609411764705883,0.10064000000000001,0.61225358265780516
0.54296788482835001,0.10000000000000001,0.10000000000000001,0.4764705882352942,0.10000000000000001,0.1293922308970108
0.54296788482835001,0.6333333333333333,0.10000000000000001,0.10000000000000001,0.10000000000000001,0.66079056484707299
0.54395225790574631,0.61186666666666667,0.10628571428571429,0.10103529411764707,0.10917333333333334,0.14258563487310533
0.54631475329149759,0.4476,0.17428571428571429,0.12174117647058824,0.15194666666666667,0.13749050835272789
0.56196628522209924,0.50693333333333335,0.18057142857142858,0.10188235294117648,0.10384,0.17711531353645787
0.60232558139534897,0.50013333333333343,0.12982857142857143,0.10225882352941178,0.11152000000000001,0.14761546645211135
0.61285837332348958,0.502,0.10822857142857144,0.1003764705882353,0.1208,0.1326857947342942
0.62280054140519259,0.48253333333333337,0.11017142857142857,0.10912941176470589,0.1144,0.15846942093721331
0.63097083794758213,0.45720000000000005,0.10788571428571429,0.10969411764705883,0.12741333333333335,0.29611932584600198
0.63254583487141625,0.51106666666666667,0.10045714285714286,0.1003764705882353,0.10042666666666668,0.32130934461313165
0.64140519256798334,0.5,0.10000000000000001,0.10000000000000001,0.10000000000000001,0.49166510437122291
0.64278331487633822,0.46240000000000003,0.11657142857142858,0.10254117647058825,0.11034666666666668,0.26887082968057019
0.65754891103728319,0.4754666666666667,0.10045714285714286,0.10103529411764707,0.10053333333333334,0.29308905562943166
0.68068167835609694,0.10666666666666667,0.38777142857142854,0.10263529411764706,0.10042666666666668,0.10426923232424447
0.68265042451088964,0.10093333333333333,0.38297142857142863,0.10160000000000001,0.10853333333333334,0.10463305623650251
0.68383167220376528,0.1052,0.10114285714285715,0.3369882352941177,0.10042666666666668,0.1452281453937164
0.68944259874492431,0.10106666666666667,0.1230857142857143,0.30715294117647063,0.11098666666666668,0.10431710389164685
0.69062384643779995,0.10000000000000001,0.38571428571428568,0.10000000000000001,0.10000000000000001,0.11000424609904898
0.71749723145071997,0.37519999999999998,0.11805714285714286,0.1003764705882353,0.10042666666666668,0.3041138776021986
0.74240187030884719,0.10706666666666667,0.23748571428571427,0.15148235294117648,0.11898666666666667,0.10174161356539907
0.75667527993109396,0.15773333333333334,0.16217142857142858,0.18075294117647062,0.10042666666666668,0.17972439686386776
0.76228620647225309,0.13240000000000002,0.13394285714285714,0.1335058823529412,0.19301333333333337,0.11318291817456667
0.76917681801402749,0.2072,0.15474285714285715,0.12428235294117648,0.11610666666666668,0.10835746418040729
0.77104712686108046,0.12293333333333334,0.14045714285714286,0.12287058823529412,0.19674666666666668,0.10879309544376889
0.77478774455518651,0.10773333333333333,0.13531428571428572,0.16597647058823531,0.16122666666666668,0.1102627525630218
0.77931586071120973,0.13320000000000001,0.10765714285714287,0.1443294117647059,0.18650666666666668,0.1280518270097443
0.78010335917312679,0.12466666666666668,0.10742857142857143,0.12221176470588235,0.2188266666666667,0.1348208666404401
0.78148148148148155,0.11413333333333334,0.11291428571428572,0.14084705882352944,0.19760000000000003,0.10742875577280121
0.78463147532914979,0.12573333333333334,0.11600000000000001,0.13040000000000002,0.19440000000000002,0.10684950980723247
0.78482834994462902,0.112,0.10788571428571429,0.15496470588235295,0.18512000000000001,0.11281909426230863
0.78512366186784799,0.20080000000000001,0.10045714285714286,0.17369411764705883,0.10064000000000001,0.1259167551035984
0.78768303186907851,0.14560000000000001,0.11097142857142858,0.10263529411764706,0.21104000000000001,0.10805108614903208
0.78984865263935033,0.20333333333333337,0.14000000000000001,0.12108235294117647,0.11450666666666667,0.11484884872016932
0.79280177187153933,0.12213333333333334,0.11657142857142858,0.1103529411764706,0.21178666666666668,0.12455720258937095
0.79378614494893573,0.10426666666666667,0.10171428571428572,0.13792941176470588,0.20624000000000003,0.1033022266627165
0.80294081456872157,0.13,0.10045714285714286,0.11760000000000001,0.20080000000000001,0.12279552890896354
0.80481112341577465,0.11466666666666667,0.1032,0.12277647058823531,0.20175999999999999,0.14789937885476892
0.81750953611418742,0.12666666666666668,0.17154285714285716,0.12277647058823531,0.11418666666666667,0.15820134015976001
0.82105327919281412,0.11106666666666667,0.19405714285714287,0.1147764705882353,0.11290666666666667,0.10224905217986426
0.82302202534760682,0.14666666666666667,0.1216,0.11844705882352942,0.14490666666666668,0.1133265328767738
0.82351421188630503,0.20546666666666669,0.11097142857142858,0.11835294117647059,0.10682666666666667,0.1272858819313063
0.82469545957918067,0.10400000000000001,0.10388571428571429,0.1907294117647059,0.11184000000000001,0.11123454538129002
0.83385012919896651,0.17626666666666668,0.1094857142857143,0.11694117647058824,0.12240000000000001,0.11335525581721523
0.8363110618924573,0.14013333333333333,0.11817142857142858,0.14103529411764706,0.11312000000000001,0.10488198838699486
0.83827980804725,0.10000000000000001,0.10000000000000001,0.19411764705882356,0.10000000000000001,0.12036365328492291
0.83827980804725,0.23333333333333334,0.10000000000000001,0.10000000000000001,0.10000000000000001,0.28800030801455923
0.84123292727943899,0.10266666666666667,0.19017142857142857,0.10743529411764706,0.10949333333333335,0.10489156270047534
0.84133136458717861,0.1024,0.10708571428571428,0.17764705882352944,0.10693333333333334,0.10416391487595925
0.84300479881875245,0.16426666666666667,0.12982857142857143,0.1051764705882353,0.11674666666666668,0.12467209435113664
0.84841885074443224,0.10613333333333334,0.12205714285714286,0.16202352941176473,0.10042666666666668,0.11034892138434607
0.84940322382182853,0.12653333333333333,0.12228571428571429,0.12108235294117647,0.12869333333333335,0.10335967254359935
0.86072351421188642,0.12920000000000001,0.12982857142857143,0.11562352941176471,0.11322666666666667,0.10730428969755504
0.8616094499815431,0.10600000000000001,0.12102857142857143,0.1048,0.15173333333333333,0.11077019117748697
0.86889381075427596,0.1004,0.1072,0.1355764705882353,0.12666666666666668,0.10415434056247877
0.87637504614248818,0.1032,0.10640000000000001,0.10225882352941178,0.15450666666666668,0.10601175737769092
0.88336409499200208,0.1004,0.11314285714285714,0.11298823529411765,0.13104000000000002,0.10667238500784369
0.88562815307001364,0.10400000000000001,0.1032,0.1007529411764706,0.14832000000000001,0.10354158449972838
0.88749846191706661,0.10000000000000001,0.10000000000000001,0.10000000000000001,0.15333333333333335,0.12245085362366645
0.90000000000000002,0.10360000000000001,0.1230857142857143,0.10800000000000001,0.10544000000000001,0.1040681717411545
