CsPbI,FAPbI,MAPbI,Instability index
0.10000000000000001,0.10000000000000001,0.90000000000000002,0.10000000000000001
0.10000000000000001,0.30000000000000004,0.70000000000000007,0.1237137203154994
0.10000000000000001,0.5,0.5,0.15054857804971955
0.10000000000000001,0.70000000000000007,0.30000000000000004,0.18575221422233917
0.10000000000000001,0.90000000000000002,0.10000000000000001,0.31718796637575758
0.14000000000000001,0.73080000000000001,0.22920000000000001,0.39840422423942851
0.14800000000000002,0.78000000000000003,0.17199999999999999,0.4361866404059242
0.17199999999999999,0.78000000000000003,0.14800000000000002,0.50617402259639066
0.17199999999999999,0.79600000000000004,0.13200000000000001,0.39202500492395931
0.17199999999999999,0.82800000000000007,0.10000000000000001,0.57971127024239899
0.18000000000000002,0.81200000000000006,0.10800000000000001,0.57596916494857098
0.18000000000000002,0.82000000000000006,0.10000000000000001,0.46408613505690305
0.19600000000000001,0.71600000000000008,0.188,0.56278696220314106
0.19600000000000001,0.74800000000000011,0.15600000000000003,0.462618856733295
0.20400000000000001,0.7320000000000001,0.16400000000000001,0.64557587184562892
0.20400000000000001,0.78000000000000003,0.11600000000000001,0.64025124211049911
0.20400000000000001,0.79600000000000004,0.10000000000000001,0.74968875174478233
0.21200000000000002,0.77200000000000002,0.11600000000000001,0.66422262052076086
0.22800000000000001,0.65999999999999992,0.21200000000000002,0.56774793433461834
0.22800000000000001,0.70000000000000007,0.17199999999999999,0.58584373633192366
0.22800000000000001,0.76400000000000001,0.10800000000000001,0.42733403347174531
0.22800000000000001,0.77200000000000002,0.10000000000000001,0.52867845824769621
0.23600000000000002,0.7400000000000001,0.124,0.70101801512541206
0.23600000000000002,0.75600000000000001,0.10800000000000001,0.47228153316287708
0.24399999999999999,0.70800000000000007,0.14800000000000002,0.56932717752158113
0.24399999999999999,0.72400000000000009,0.13200000000000001,0.56006816459361108
0.24399999999999999,0.75600000000000001,0.10000000000000001,0.90000000000000002
0.252,0.65999999999999992,0.188,0.58911249415713096
0.252,0.74800000000000011,0.10000000000000001,0.47777093394604708
0.26000000000000001,0.65199999999999991,0.188,0.49055949933859133
0.26000000000000001,0.7400000000000001,0.10000000000000001,0.65522529750165459
0.27600000000000002,0.67599999999999993,0.14800000000000002,0.52429067001518015
0.27600000000000002,0.72400000000000009,0.10000000000000001,0.59591022054138421
0.28400000000000003,0.628,0.188,0.41765230401726594
0.28400000000000003,0.71600000000000008,0.10000000000000001,0.82755674198303686
0.29200000000000004,0.39600000000000002,0.41200000000000003,0.33435738314606411
0.30000000000000004,0.10000000000000001,0.70000000000000007,0.201402172301857
0.30000000000000004,0.30000000000000004,0.5,0.31842201599273923
0.30000000000000004,0.5,0.30000000000000004,0.33835581962736927
0.30000000000000004,0.65999999999999992,0.14800000000000002,0.53670373309364283
0.30000000000000004,0.66799999999999993,0.13200000000000001,0.64464287577977353
0.30000000000000004,0.70000000000000007,0.10000000000000001,0.5388088860917799
0.30800000000000005,0.39600000000000002,0.38800000000000001,0.45151098612842983
0.30800000000000005,0.40400000000000003,0.38800000000000001,0.29654661705647811
0.30800000000000005,0.69199999999999995,0.10000000000000001,0.33555104031635063
0.31600000000000006,0.372,0.42000000000000004,0.37200848865701031
0.31600000000000006,0.67599999999999993,0.10800000000000001,0.53836966483450188
0.32400000000000007,0.39600000000000002,0.38,0.2411619310211508
0.32400000000000007,0.62,0.15600000000000003,0.37459691384102256
0.33999999999999997,0.41200000000000003,0.35599999999999998,0.3413501361020691
0.33999999999999997,0.65199999999999991,0.10800000000000001,0.44065806588026202
0.34799999999999998,0.33999999999999997,0.41200000000000003,0.2212526443863401
0.34799999999999998,0.38800000000000001,0.36399999999999999,0.24637465371040998
0.35599999999999998,0.63600000000000001,0.10800000000000001,0.3676441617371512
0.35599999999999998,0.64400000000000002,0.10000000000000001,0.81882042320343218
0.372,0.53200000000000003,0.19600000000000001,0.3510896113230032
0.372,0.61199999999999999,0.11600000000000001,0.38968445534062729
0.372,0.628,0.10000000000000001,0.58100105039143224
0.38,0.62,0.10000000000000001,0.44341949325673691
0.39600000000000002,0.59599999999999997,0.10800000000000001,0.51931608770650395
0.39600000000000002,0.60399999999999998,0.10000000000000001,0.49109541550211339
0.40400000000000003,0.59599999999999997,0.10000000000000001,0.60069908942238381
0.41200000000000003,0.58799999999999997,0.10000000000000001,0.58096469037060183
0.42800000000000005,0.56399999999999995,0.10800000000000001,0.45196093060781967
0.44400000000000006,0.55599999999999994,0.10000000000000001,0.41681924258969039
0.45200000000000007,0.54000000000000004,0.10800000000000001,0.49185141295572687
0.5,0.10000000000000001,0.5,0.14265398383249228
0.5,0.30000000000000004,0.30000000000000004,0.21491231885831782
0.5,0.5,0.10000000000000001,0.39889402837069654
0.52400000000000002,0.47599999999999998,0.10000000000000001,0.40489353292036245
0.55599999999999994,0.44400000000000006,0.10000000000000001,0.43876815215041415
0.57199999999999995,0.42800000000000005,0.10000000000000001,0.47464614130334842
0.60399999999999998,0.39600000000000002,0.10000000000000001,0.42023605782730455
0.628,0.29200000000000004,0.18000000000000002,0.32412488448855814
0.64400000000000002,0.20400000000000001,0.252,0.29556692284202157
0.65199999999999991,0.34799999999999998,0.10000000000000001,0.44438876987713688
0.65999999999999992,0.33199999999999996,0.10800000000000001,0.42619186704135137
0.66799999999999993,0.10800000000000001,0.32400000000000007,0.31846406819227036
0.66799999999999993,0.14800000000000002,0.28400000000000003,0.34051458338821738
0.70000000000000007,0.10000000000000001,0.30000000000000004,0.60882512374304476
0.70000000000000007,0.30000000000000004,0.10000000000000001,0.44301226955154133
0.70800000000000007,0.29200000000000004,0.10000000000000001,0.48689879498964056
0.72400000000000009,0.17199999999999999,0.20400000000000001,0.46616225476609024
0.7400000000000001,0.188,0.17199999999999999,0.47183041329881342
0.74800000000000011,0.10000000000000001,0.252,0.34935674112213205
0.76400000000000001,0.10000000000000001,0.23600000000000002,0.37217083320255495
0.76400000000000001,0.124,0.21200000000000002,0.49914309239475091
0.77200000000000002,0.10000000000000001,0.22800000000000001,0.37221961576385498
0.79600000000000004,0.19600000000000001,0.10800000000000001,0.47492480159042832
0.80400000000000005,0.10000000000000001,0.19600000000000001,0.35674771745520928
0.81200000000000006,0.10000000000000001,0.188,0.32169335674275851
0.82800000000000007,0.10800000000000001,0.16400000000000001,0.32159977222677327
0.86799999999999999,0.13200000000000001,0.10000000000000001,0.38617137072708385
0.90000000000000002,0.10000000000000001,0.10000000000000001,0.45532585105693535
